SITE_ID,SOP,EOP,Duration,,
US-Ton,2001-10-30,2001-11-06,7,,
US-Ton,2001-11-11,2001-11-26,15,,
US-Ton,2001-11-29,2001-12-09,10,,
US-Ton,2001-12-20,2001-12-25,5,,
US-Ton,2002-11-07,2002-11-20,13,,
US-Ton,2002-12-10,2002-12-15,5,,
US-Ton,2002-12-16,2002-12-23,7,,
US-Ton,2003-07-28,2003-08-22,25,,
US-Ton,2003-10-23,2003-10-30,7,,
US-Ton,2003-10-30,2003-11-07,8,,
US-Ton,2003-11-07,2003-11-18,11,,
US-Ton,2003-11-30,2003-12-05,5,,
US-Ton,2004-05-28,2004-06-02,5,,
US-Ton,2004-09-20,2004-10-02,12,,
US-Ton,2004-10-17,2004-11-01,15,,
US-Ton,2004-11-08,2004-11-25,17,,
US-Ton,2005-09-26,2005-10-04,8,,
US-Ton,2005-10-25,2005-11-01,7,,
US-Ton,2005-11-02,2005-11-14,12,,
US-Ton,2005-11-25,2005-12-12,17,,
US-Ton,2006-10-05,2006-10-15,10,,
US-Ton,2006-11-03,2006-11-11,8,,
US-Ton,2006-11-12,2006-11-19,7,,
US-Ton,2006-11-27,2006-12-04,7,,
US-Ton,2006-12-10,2006-12-18,8,,
US-Ton,2007-09-22,2007-10-01,9,,
US-Ton,2007-10-10,2007-10-15,5,,
US-Ton,2007-10-17,2007-10-27,10,,
US-Ton,2007-11-12,2007-11-25,13,,
US-Ton,2007-12-08,2007-12-12,4,,
US-Ton,2008-01-04,2008-01-14,10,,
US-Ton,2008-01-21,2008-01-30,9,,
US-Ton,2008-02-02,2008-02-11,9,,
US-Ton,2008-10-04,2008-10-15,11,,
US-Ton,2008-10-31,2008-11-10,10,,
US-Ton,2008-11-26,2008-12-06,10,,
US-Ton,2008-12-13,2008-12-21,8,,
US-Ton,2009-01-05,2009-01-12,7,,
US-Ton,2009-03-02,2009-03-15,13,,
US-Ton,2009-05-01,2009-05-07,6,,
US-Ton,2009-10-14,2009-10-20,6,,
US-Ton,2009-11-20,2009-11-26,6,,
US-Ton,2009-11-27,2009-12-05,8,,
US-Ton,2009-12-07,2009-12-12,5,,
US-Ton,2009-12-13,2009-12-20,7,,
US-Ton,2009-12-21,2009-12-27,6,,
US-Ton,2009-12-29,2010-01-02,4,,
US-Ton,2010-01-12,2010-01-17,5,,
US-Ton,2010-01-18,2010-01-24,6,,
US-Ton,2010-04-11,2010-04-15,4,,
US-Ton,2010-04-21,2010-04-26,5,,
US-Ton,2010-10-24,2010-10-29,5,,
US-Ton,2010-10-31,2010-11-03,3,,
US-Ton,2011-03-18,2011-03-24,6,,
US-Ton,2011-06-05,2011-06-13,8,,
US-Ton,2011-10-05,2011-10-10,5,,
US-Ton,2012-01-21,2012-01-28,7,,
US-Ton,2012-02-07,2012-02-13,6,,
US-Ton,2012-03-13,2012-03-21,8,,
US-Ton,2012-10-22,2012-10-31,9,,
US-Ton,2012-12-02,2012-12-07,5,,
US-Ton,2012-12-22,2012-12-31,9,,
US-Ton,2013-09-22,2013-09-30,8,,
US-Ton,2013-11-18,2013-11-30,12,,
US-Ton,2013-12-02,2013-12-07,5,,
US-Ton,2014-01-11,2014-01-15,4,,
US-Ton,2014-01-29,2014-02-02,4,,
US-Ton,2014-02-06,2014-02-12,6,,
US-Ton,2014-02-15,2014-02-18,3,,
US-Ton,2014-02-26,2014-03-05,7,,
US-Ton,2014-03-26,2014-04-01,6,,
US-Ton,2014-09-25,2014-10-01,6,,
US-Ton,2014-10-25,2014-10-31,6,,
US-Ton,2014-11-01,2014-11-10,9,,
US-Ton,2014-11-13,2014-11-18,5,,
US-Ton,2014-11-20,2014-11-24,4,,
US-Ton,2014-11-30,2014-12-03,3,,
US-Ton,2015-02-06,2015-02-12,6,,
US-Ton,2015-09-30,2015-10-06,6,,
US-Ton,2015-10-18,2015-10-26,8,,
US-Ton,2015-10-27,2015-11-01,5,,
US-Ton,2015-11-08,2015-11-14,6,,
US-Ton,2015-11-15,2015-11-22,7,,
US-Ton,2015-11-24,2015-11-29,5,,
US-Ton,2015-12-13,2015-12-16,3,,
US-Ton,2015-12-22,2015-12-26,4,,
US-Ton,2015-08-22,2015-08-29,7,,
US-Ton,2016-10-14,2016-10-23,9,,
US-Ton,2016-10-30,2016-11-07,8,,
US-Ton,2016-11-20,2016-11-25,5,,
US-Ton,2016-11-27,2016-12-06,9,,
US-Ton,2016-12-07,2016-12-13,6,,
US-Ton,2016-12-15,2016-12-22,7,,
US-Ton,2017-02-16,2017-02-21,5,,
US-Ton,2017-10-19,2017-10-29,10,,
US-Ton,2017-11-04,2017-11-07,3,,
US-Ton,2017-11-08,2017-11-14,6,,
US-Ton,2017-11-15,2017-11-21,6,,
US-Ton,2017-11-26,2017-12-11,15,,
US-Ton,2018-10-01,2018-10-11,10,,
US-Ton,2018-11-21,2018-11-25,4,,
US-Ton,2018-11-26,2018-12-05,9,,
US-Ton,2019-01-20,2019-01-28,8,,
US-Ton,2019-02-03,2019-02-10,7,,
US-Ton,2019-02-26,2019-03-04,6,,
US-Ton,2019-03-19,2019-03-25,6,,
US-Ton,2019-09-16,2019-09-25,9,,
US-Ton,2019-11-26,2019-12-16,20,,
US-Ton,2020-09-06,2020-09-13,7,,
US-Ton,2020-11-17,2020-11-30,13,,
US-Ton,2021-10-07,2021-10-13,6,,
US-Ton,2021-10-14,2021-10-17,3,,
US-Ton,2021-10-18,2021-11-01,14,,
US-SRG,2008-05-24,2008-06-02,9,,
US-SRG,2008-06-24,2008-07-01,7,,
US-SRG,2008-07-09,2008-07-15,6,,
US-SRG,2008-10-05,2008-10-11,6,,
US-SRG,2008-10-12,2008-10-21,9,,
US-SRG,2008-10-27,2008-11-04,8,,
US-SRG,2008-11-08,2008-11-14,6,,
US-SRG,2008-11-15,2008-11-19,4,,
US-SRG,2008-11-21,2008-11-24,3,,
US-SRG,2008-11-25,2008-12-07,12,,
US-SRG,2008-12-10,2008-12-16,6,,
US-SRG,2008-12-18,2008-12-21,3,,
US-SRG,2008-12-22,2008-12-23,1,,
US-SRG,2008-12-24,2008-12-25,1,,
US-SRG,2008-12-26,2008-12-27,1,,
US-SRG,2008-12-28,2009-01-03,6,,
US-SRG,2009-01-04,2009-01-10,6,,
US-SRG,2009-01-20,2009-02-02,13,,
US-SRG,2009-02-08,2009-02-15,7,,
US-SRG,2009-02-16,2009-02-23,7,,
US-SRG,2009-04-11,2009-04-19,8,,
US-SRG,2009-05-23,2009-06-01,9,,
US-SRG,2009-06-09,2009-06-11,2,,
US-SRG,2009-06-12,2009-06-18,6,,
US-SRG,2009-06-29,2009-07-05,6,,
US-SRG,2009-07-14,2009-07-19,5,,
US-SRG,2009-07-20,2009-07-27,7,,
US-SRG,2009-08-10,2009-08-20,10,,
US-SRG,2009-08-21,2009-09-01,11,,
US-SRG,2009-09-02,2009-09-12,10,,
US-SRG,2009-09-13,2009-09-20,7,,
US-SRG,2009-10-03,2009-10-10,7,,
US-SRG,2009-10-20,2009-10-26,6,,
US-SRG,2009-10-27,2009-11-03,7,,
US-SRG,2009-11-29,2009-12-06,7,,
US-SRG,2009-12-07,2009-12-14,7,,
US-SRG,2009-12-15,2009-12-21,6,,
US-SRG,2010-01-19,2010-01-26,7,,
US-SRG,2010-07-10,2010-07-14,4,,
US-SRG,2010-07-15,2010-07-19,4,,
US-SRG,2010-07-21,2010-07-26,5,,
US-SRG,2010-09-06,2010-09-12,6,,
US-SRG,2010-09-13,2010-09-20,7,,
US-SRG,2010-09-21,2010-09-29,8,,
US-SRG,2010-10-03,2010-10-12,9,,
US-SRG,2010-10-14,2010-10-21,7,,
US-SRG,2010-12-08,2010-12-12,4,,
US-SRG,2010-12-13,2010-12-16,3,,
US-SRG,2010-12-17,2010-12-22,5,,
US-SRG,2010-12-23,2010-12-27,4,,
US-SRG,2010-12-29,2011-01-03,5,,
US-SRG,2011-01-31,2011-02-07,7,,
US-SRG,2011-02-27,2011-03-04,5,,
US-SRG,2011-03-05,2011-03-08,3,,
US-SRG,2011-03-21,2011-03-31,10,,
US-SRG,2011-04-09,2011-04-17,8,,
US-SRG,2011-05-02,2011-05-08,6,,
US-SRG,2011-06-04,2011-06-11,7,,
US-SRG,2011-06-17,2011-06-22,5,,
US-SRG,2011-08-02,2011-08-08,6,,
US-SRG,2011-08-16,2011-08-22,6,,
US-SRG,2011-08-23,2011-08-30,7,,
US-SRG,2011-09-03,2011-09-08,5,,
US-SRG,2011-09-10,2011-09-15,5,,
US-SRG,2011-09-27,2011-10-01,4,,
US-SRG,2011-10-02,2011-10-10,8,,
US-SRG,2011-11-02,2011-11-07,5,,
US-SRG,2011-11-08,2011-11-15,7,,
US-SRG,2011-11-20,2011-11-22,2,,
US-SRG,2011-11-30,2011-12-07,7,,
US-SRG,2012-04-14,2012-04-23,9,,
US-SRG,2012-05-09,2012-05-14,5,,
US-SRG,2012-06-17,2012-06-23,6,,
US-SRG,2012-06-26,2012-07-02,6,,
US-SRG,2012-07-03,2012-07-09,6,,
US-SRG,2012-07-13,2012-07-17,4,,
US-SRG,2012-11-09,2012-11-15,6,,
US-SRG,2012-12-12,2012-12-26,14,,
US-SRG,2013-01-11,2013-01-19,8,,
US-SRG,2013-06-30,2013-07-04,4,,
US-SRG,2013-07-05,2013-07-15,10,,
US-SRG,2013-07-21,2013-07-29,8,,
US-SRG,2013-11-11,2013-11-19,8,,
US-SRG,2013-11-20,2013-12-10,20,,
US-SRG,2013-12-20,2013-12-22,2,,
US-SRG,2013-12-23,2013-12-31,8,,
US-SRG,2014-05-13,2014-05-19,6,,
US-SRG,2014-07-04,2014-07-06,2,,
US-SRG,2014-07-07,2014-07-16,9,,
US-SRG,2014-08-02,2014-08-09,7,,
US-SRG,2014-08-10,2014-08-17,7,,
US-SRG,2014-08-18,2014-08-24,6,,
US-SRG,2014-08-25,2014-09-03,9,,
US-SRG,2014-09-04,2014-09-12,8,,
US-SRG,2014-09-13,2014-09-16,3,,
US-SRG,2014-09-17,2014-09-21,4,,
US-SRG,2014-09-22,2014-10-06,14,,
US-SRG,2014-10-07,2014-10-19,12,,
US-SRG,2014-10-20,2014-11-02,13,,
US-SRG,2014-12-07,2014-12-12,5,,
US-SRG,2014-12-13,2014-12-16,3,,
US-SRG,2014-12-17,2014-12-23,6,,
US-SRG,2014-12-24,2014-12-29,5,,
US-SRG,2015-01-07,2015-01-14,7,,
US-SRG,2015-01-26,2015-02-09,14,,
US-SRG,2015-02-11,2015-02-18,7,,
US-SRG,2015-03-03,2015-03-10,7,,
US-SRG,2015-04-12,2015-04-24,12,,
US-SRG,2015-06-08,2015-06-22,14,,
US-SRG,2015-06-25,2015-07-05,10,,
US-SRG,2015-09-21,2015-09-29,8,,
US-SRG,2015-10-17,2015-10-28,11,,
US-SRG,2015-10-30,2015-11-13,14,,
US-SRG,2015-11-15,2015-11-18,3,,
US-SRG,2015-11-24,2015-12-07,13,,
US-SRG,2015-12-12,2015-12-16,4,,
US-SRG,2016-01-03,2016-01-18,15,,
US-SRG,2016-04-09,2016-04-17,8,,
US-SRG,2016-06-23,2016-07-06,13,,
US-SRG,2016-08-05,2016-08-13,8,,
US-SRG,2016-08-14,2016-08-21,7,,
US-SRG,2016-09-01,2016-09-06,5,,
US-SRG,2016-09-07,2016-09-16,9,,
US-SRG,2016-09-26,2016-10-08,12,,
US-SRG,2016-10-09,2016-10-16,7,,
US-SRG,2016-11-09,2016-11-14,5,,
US-SRG,2016-12-14,2016-12-31,17,,
US-SRG,2017-02-12,2017-02-27,15,,
US-SRG,2017-06-07,2017-06-12,5,,
US-SRG,2017-07-03,2017-07-08,5,,
US-SRG,2017-07-09,2017-07-23,14,,
US-SRG,2017-11-07,2017-11-18,11,,
US-SRG,2017-12-17,2017-12-24,7,,
US-SRG,2018-01-02,2018-01-08,6,,
US-SRG,2018-01-10,2018-01-18,8,,
US-SRG,2018-01-23,2018-01-27,4,,
US-SRG,2018-01-28,2018-02-05,8,,
US-SRG,2018-02-15,2018-02-26,11,,
US-SRG,2018-06-15,2018-06-26,11,,
US-SRG,2018-09-03,2018-09-17,14,,
US-SRG,2018-09-19,2018-09-29,10,,
US-SRG,2018-12-08,2018-12-16,8,,
US-SRG,2019-02-04,2019-02-07,3,,
US-SRG,2019-02-15,2019-02-18,3,,
US-SRG,2019-03-12,2019-03-15,3,,
US-SRG,2019-05-12,2019-05-19,7,,
US-SRG,2019-06-28,2019-07-06,8,,
US-SRG,2019-07-07,2019-07-11,4,,
US-SRG,2019-07-23,2019-07-30,7,,
US-SRG,2019-08-06,2019-08-19,13,,
US-SRG,2019-08-22,2019-09-09,18,,
US-SRG,2019-09-23,2019-09-30,7,,
US-SRG,2019-11-18,2019-11-24,6,,
US-SRG,2020-01-20,2020-01-26,6,,
US-SRG,2020-02-09,2020-02-17,8,,
US-SRG,2020-02-20,2020-02-25,5,,
US-SRG,2020-05-28,2020-06-04,7,,
US-SRG,2020-06-05,2020-06-10,5,,
US-SRG,2020-07-01,2020-07-07,6,,
US-SRG,2020-07-14,2020-07-20,6,,
US-SRG,2020-08-29,2020-09-04,6,,
US-SRG,2020-10-26,2020-11-01,6,,
US-SRG,2020-11-08,2020-11-14,6,,
US-SRG,2020-12-10,2020-12-16,6,,
US-SRG,2020-12-29,2021-01-04,6,,
US-SRG,2021-01-19,2021-01-27,8,,
US-SRG,2021-04-27,2021-05-03,6,,
US-SRG,2021-07-01,2021-07-09,8,,
US-SRG,2021-12-09,2021-12-14,5,,
US-SRG,2021-12-25,2021-12-27,2,,
US-SRC,2008-05-21,2008-05-31,10,,
US-SRC,2008-06-04,2008-06-09,5,,
US-SRC,2008-10-11,2008-10-17,6,,
US-SRC,2008-11-27,2008-12-01,4,,
US-SRC,2008-12-13,2008-12-17,4,,
US-SRC,2008-12-22,2008-12-26,4,,
US-SRC,2009-01-04,2009-01-13,9,,
US-SRC,2009-01-24,2009-02-02,9,,
US-SRC,2009-04-11,2009-04-15,4,,
US-SRC,2009-06-28,2009-07-03,5,,
US-SRC,2009-07-04,2009-07-14,10,,
US-SRC,2009-08-04,2009-08-10,6,,
US-SRC,2009-09-03,2009-09-10,7,,
US-SRC,2009-10-27,2009-11-09,13,,
US-SRC,2009-12-07,2009-12-14,7,,
US-SRC,2010-01-19,2010-01-28,9,,
US-SRC,2010-07-15,2010-07-19,4,,
US-SRC,2010-07-20,2010-07-26,6,,
US-SRC,2010-10-14,2010-10-20,6,,
US-SRC,2011-03-21,2011-03-31,10,,
US-SRC,2011-04-10,2011-04-19,9,,
US-SRC,2011-07-03,2011-07-06,3,,
US-SRC,2011-07-07,2011-07-17,10,,
US-SRC,2011-07-18,2011-08-01,14,,
US-SRC,2011-08-02,2011-08-07,5,,
US-SRC,2011-09-11,2011-09-18,7,,
US-SRC,2011-10-02,2011-10-06,4,,
US-SRC,2012-06-17,2012-06-24,7,,
US-SRC,2012-06-27,2012-07-03,6,,
US-SRC,2012-07-08,2012-07-14,6,,
US-SRC,2012-07-15,2012-07-22,7,,
US-SRC,2012-12-13,2012-12-23,10,,
US-SRC,2013-01-26,2013-01-30,4,,
US-SRC,2013-11-23,2013-11-30,7,,
US-SRM,2004-01-14,2004-01-19,5,,
US-SRM,2004-02-19,2004-02-22,3,,
US-SRM,2004-02-23,2004-03-02,8,,
US-SRM,2004-06-22,2004-06-30,8,,
US-SRM,2004-07-09,2004-07-12,3,,
US-SRM,2004-07-13,2004-07-22,9,,
US-SRM,2004-07-24,2004-07-31,7,,
US-SRM,2004-09-17,2004-09-22,5,,
US-SRM,2004-10-19,2004-10-28,9,,
US-SRM,2004-11-08,2004-11-23,15,,
US-SRM,2004-11-14,2004-11-21,7,,
US-SRM,2004-11-22,2004-11-27,5,,
US-SRM,2004-12-06,2004-12-09,3,,
US-SRM,2005-01-23,2005-01-25,2,,
US-SRM,2005-03-05,2005-03-13,8,,
US-SRM,2005-04-24,2005-05-01,7,,
US-SRM,2005-05-28,2005-06-06,9,,
US-SRM,2005-07-07,2005-07-15,8,,
US-SRM,2005-07-16,2005-07-23,7,,
US-SRM,2005-07-24,2005-08-04,11,,
US-SRM,2005-10-06,2005-10-13,7,,
US-SRM,2006-01-04,2006-01-15,11,,
US-SRM,2006-01-23,2006-02-01,9,,
US-SRM,2006-02-06,2006-02-19,13,,
US-SRM,2006-03-12,2006-03-18,6,,
US-SRM,2006-03-23,2006-03-27,4,,
US-SRM,2006-03-15,2006-03-28,13,,
US-SRM,2006-06-08,2006-06-13,5,,
US-SRM,2006-06-26,2006-07-04,8,,
US-SRM,2006-07-06,2006-07-15,9,,
US-SRM,2006-07-18,2006-07-24,6,,
US-SRM,2006-07-26,2006-07-31,5,,
US-SRM,2006-10-23,2006-10-27,4,,
US-SRM,2006-12-06,2006-12-12,6,,
US-SRM,2007-01-09,2007-01-15,6,,
US-SRM,2007-01-18,2007-01-22,4,,
US-SRM,2007-03-21,2007-04-02,12,,
US-SRM,2007-07-05,2007-07-12,7,,
US-SRM,2007-07-18,2007-07-24,6,,
US-SRM,2007-09-29,2007-10-03,4,,
US-SRM,2008-03-17,2008-03-23,6,,
US-SRM,2008-06-25,2008-07-01,6,,
US-SRM,2008-11-26,2008-12-03,7,,
US-SRM,2008-12-17,2008-12-21,4,,
US-SRM,2008-12-22,2008-12-28,6,,
US-SRM,2009-01-21,2009-01-28,7,,
US-SRM,2009-02-08,2009-02-15,7,,
US-SRM,2009-05-21,2009-06-01,11,,
US-SRM,2009-08-05,2009-08-11,6,,
US-SRM,2009-09-04,2009-09-10,6,,
US-SRM,2009-12-07,2009-12-13,6,,
US-SRM,2009-12-22,2009-12-28,6,,
US-SRM,2010-01-20,2010-02-01,12,,
US-SRM,2010-04-21,2010-04-25,4,,
US-SRM,2010-07-14,2010-07-19,5,,
US-SRM,2010-07-21,2010-07-26,5,,
US-SRM,2010-10-04,2010-10-09,5,,
US-SRM,2010-10-15,2010-10-19,4,,
US-SRM,2010-12-22,2010-12-26,4,,
US-SRM,2011-02-18,2011-02-21,3,,
US-SRM,2011-02-27,2011-03-06,7,,
US-SRM,2011-03-21,2011-03-28,7,,
US-SRM,2011-04-08,2011-04-17,9,,
US-SRM,2011-07-04,2011-07-17,13,,
US-SRM,2011-09-10,2011-09-14,4,,
US-SRM,2011-11-04,2011-11-09,5,,
US-SRM,2011-12-12,2011-12-18,6,,
US-SRM,2012-02-27,2012-03-04,6,,
US-SRM,2012-03-05,2012-03-11,6,,
US-SRM,2012-03-18,2012-03-25,7,,
US-SRM,2012-04-13,2012-04-20,7,,
US-SRM,2012-06-17,2012-06-24,7,,
US-SRM,2012-07-05,2012-07-10,5,,
US-SRM,2012-11-09,2012-11-15,6,,
US-SRM,2012-12-14,2012-12-24,10,,
US-SRM,2013-01-27,2013-02-04,8,,
US-SRM,2013-04-08,2013-04-14,6,,
US-SRM,2013-07-01,2013-07-05,4,,
US-SRM,2013-07-06,2013-07-10,4,,
US-SRM,2013-10-28,2013-11-02,5,,
US-SRM,2013-11-21,2013-12-02,11,,
US-SRM,2013-12-21,2013-12-24,3,,
US-SRM,2014-02-03,2014-02-10,7,,
US-SRM,2014-03-02,2014-03-10,8,,
US-SRM,2014-07-07,2014-07-13,6,,
US-SRM,2014-07-14,2014-07-20,6,,
US-SRM,2014-09-04,2014-09-07,3,,
US-SRM,2014-10-07,2014-10-13,6,,
US-SRM,2014-10-20,2014-10-26,6,,
US-SRM,2014-12-04,2014-12-11,7,,
US-Whs,2007-07-06,2007-07-16,10,,
US-Whs,2007-07-21,2007-07-29,8,,
US-Whs,2007-09-06,2007-09-13,7,,
US-Whs,2007-11-15,2007-11-22,7,,
US-Whs,2007-11-23,2007-11-28,5,,
US-Whs,2008-01-27,2008-02-03,7,,
US-Whs,2008-02-04,2008-02-11,7,,
US-Whs,2008-02-15,2008-02-24,9,,
US-Whs,2008-03-17,2008-03-31,14,,
US-Whs,2008-05-13,2008-05-20,7,,
US-Whs,2008-05-22,2008-06-01,10,,
US-Whs,2008-06-22,2008-07-07,15,,
US-Whs,2008-07-14,2008-07-20,6,,
US-Whs,2008-11-25,2008-12-02,7,,
US-Whs,2009-01-22,2009-02-02,11,,
US-Whs,2009-02-08,2009-02-11,3,,
US-Whs,2009-03-09,2009-03-16,7,,
US-Whs,2009-04-12,2009-04-15,3,,
US-Whs,2009-05-19,2009-06-01,13,,
US-Whs,2009-06-29,2009-07-05,6,,
US-Whs,2009-08-11,2009-08-19,8,,
US-Whs,2009-09-12,2009-09-21,9,,
US-Whs,2009-10-02,2009-10-11,9,,
US-Whs,2009-10-28,2009-11-02,5,,
US-Whs,2009-11-30,2009-12-06,6,,
US-Whs,2009-12-07,2009-12-14,7,,
US-Whs,2009-12-21,2009-12-27,6,,
US-Whs,2010-01-19,2010-01-26,7,,
US-Whs,2010-02-11,2010-02-15,4,,
US-Whs,2010-02-28,2010-03-06,6,,
US-Whs,2010-03-06,2010-03-09,3,,
US-Whs,2010-07-02,2010-07-07,5,,
US-Whs,2010-07-18,2010-07-22,4,,
US-Whs,2010-08-04,2010-08-10,6,,
US-Whs,2010-09-21,2010-09-28,7,,
US-Whs,2010-10-03,2010-10-08,5,,
US-Whs,2011-04-09,2011-04-14,5,,
US-Whs,2011-06-28,2011-07-04,6,,
US-Whs,2011-07-09,2011-07-14,5,,
US-Whs,2011-07-23,2011-07-28,5,,
US-Whs,2011-09-07,2011-09-14,7,,
US-Whs,2011-11-04,2011-11-12,8,,
US-Whs,2012-01-15,2012-01-21,6,,
US-Whs,2012-02-16,2012-02-24,8,,
US-Whs,2012-03-18,2012-03-25,7,,
US-Whs,2012-05-09,2012-05-17,8,,
US-Whs,2012-06-25,2012-07-02,7,,
US-Whs,2012-07-04,2012-07-23,19,,
US-Whs,2012-08-07,2012-08-13,6,,
US-Whs,2012-08-15,2012-08-21,6,,
US-Whs,2012-08-24,2012-08-30,6,,
US-Whs,2012-09-03,2012-09-11,8,,
US-Whs,2012-11-08,2012-11-15,7,,
US-Whs,2012-11-17,2012-11-22,5,,
US-Whs,2012-12-13,2012-12-21,8,,
US-Whs,2012-12-30,2013-01-03,4,,
US-Whs,2013-01-26,2013-01-31,5,,
US-Whs,2013-02-02,2013-02-09,7,,
US-Whs,2013-02-12,2013-02-17,5,,
US-Whs,2013-02-20,2013-02-28,8,,
US-Whs,2013-06-15,2013-06-23,8,,
US-Whs,2013-07-02,2013-07-05,3,,
US-Whs,2013-07-08,2013-07-15,7,,
US-Whs,2013-11-22,2013-11-30,8,,
US-Whs,2014-03-02,2014-03-07,5,,
US-Whs,2014-07-01,2014-07-06,5,,
US-Whs,2014-07-07,2014-07-18,11,,
US-Whs,2014-07-26,2014-07-30,4,,
US-Whs,2014-08-02,2014-08-07,5,,
US-Whs,2014-08-10,2014-08-16,6,,
US-Whs,2014-12-24,2014-12-28,4,,
US-Whs,2015-01-26,2015-02-08,13,,
US-Whs,2015-02-22,2015-02-28,6,,
US-Whs,2015-06-16,2015-06-21,5,,
US-Whs,2015-06-22,2015-06-30,8,,
US-Whs,2015-07-16,2015-07-23,7,,
US-Whs,2015-07-24,2015-07-29,5,,
US-Whs,2015-08-11,2015-08-18,7,,
US-Whs,2015-10-15,2015-10-22,7,,
US-Whs,2015-12-11,2015-12-16,5,,
US-Whs,2016-02-01,2016-02-06,5,,
US-Whs,2016-03-07,2016-03-14,7,,
US-Whs,2016-05-02,2016-05-07,5,,
US-Whs,2016-05-14,2016-05-21,7,,
US-Whs,2016-06-09,2016-06-13,4,,
US-Whs,2016-06-23,2016-06-28,5,,
US-Whs,2016-06-29,2016-07-07,8,,
US-Whs,2016-07-17,2016-07-29,12,,
US-Whs,2016-09-01,2016-09-05,4,,
US-Whs,2016-09-08,2016-09-15,7,,
US-Whs,2016-10-02,2016-10-10,8,,
US-Whs,2016-10-24,2016-10-27,3,,
US-Whs,2016-11-01,2016-11-05,4,,
US-Whs,2016-11-20,2016-11-24,4,,
US-Whs,2016-11-27,2016-12-01,4,,
US-Whs,2016-12-21,2016-12-25,4,,
US-Whs,2017-01-15,2017-01-18,3,,
US-Whs,2017-01-20,2017-01-26,6,,
US-Whs,2017-02-12,2017-02-17,5,,
US-Whs,2017-07-03,2017-07-09,6,,
US-Whs,2017-07-10,2017-07-16,6,,
US-Whs,2017-07-17,2017-07-23,6,,
US-Whs,2017-10-05,2017-10-10,5,,
US-Whs,2017-11-06,2017-11-11,5,,
US-Whs,2017-12-17,2017-12-22,5,,
US-Whs,2018-01-21,2018-01-25,4,,
US-Whs,2018-05-07,2018-05-11,4,,
US-Whs,2018-06-14,2018-06-24,10,,
US-Whs,2018-06-29,2018-07-04,5,,
US-Whs,2018-07-12,2018-07-18,6,,
US-Whs,2018-07-19,2018-07-26,7,,
US-Whs,2018-09-03,2018-09-13,10,,
US-Whs,2018-09-18,2018-09-26,8,,
US-Whs,2018-10-22,2018-10-31,9,,
US-Whs,2019-01-01,2019-01-11,10,,
US-Whs,2019-02-10,2019-02-17,7,,
US-Whs,2019-05-12,2019-05-19,7,,
US-Whs,2019-06-30,2019-07-03,3,,
US-Whs,2019-07-06,2019-07-12,6,,
US-Whs,2019-07-15,2019-07-28,13,,
US-Whs,2019-07-29,2019-08-07,9,,
US-Whs,2019-09-23,2019-09-30,7,,
US-Whs,2020-01-15,2020-01-20,5,,
US-Whs,2020-06-15,2020-06-21,6,,
US-Whs,2020-06-26,2020-06-30,4,,
US-Whs,2020-07-01,2020-07-08,7,,
US-Whs,2020-07-22,2020-07-30,8,,
US-Whs,2020-08-02,2020-08-06,4,,
US-Whs,2020-12-29,2020-12-31,2,,
US-Var,2001-06-25,2001-06-30,5,,
US-Var,2001-09-24,2001-09-30,6,,
US-Var,2001-10-29,2001-11-09,11,,
US-Var,2001-11-10,2001-11-17,7,,
US-Var,2001-11-24,2001-11-28,4,,
US-Var,2001-12-05,2001-12-10,5,,
US-Var,2002-05-19,2002-05-27,8,,
US-Var,2002-11-06,2002-11-19,13,,
US-Var,2003-08-02,2003-08-11,9,,
US-Var,2003-08-21,2003-08-28,7,,
US-Var,2003-09-09,2003-09-15,6,,
US-Var,2003-10-31,2003-11-02,2,,
US-Var,2003-11-03,2003-11-06,3,,
US-Var,2003-11-07,2003-11-13,6,,
US-Var,2003-11-14,2003-11-20,6,,
US-Var,2003-11-30,2003-12-04,4,,
US-Var,2003-12-06,2003-12-08,2,,
US-Var,2003-12-09,2003-12-15,6,,
US-Var,2003-12-19,2003-12-27,8,,
US-Var,2004-05-27,2004-05-31,4,,
US-Var,2004-09-20,2004-09-30,10,,
US-Var,2004-10-18,2004-10-31,13,,
US-Var,2004-11-01,2004-11-14,13,,
US-Var,2004-12-07,2004-12-14,7,,
US-Var,2005-06-08,2005-06-15,7,,
US-Var,2005-06-17,2005-06-21,4,,
US-Var,2005-09-27,2005-10-02,5,,
US-Var,2005-10-15,2005-10-23,8,,
US-Var,2005-10-26,2005-10-29,3,,
US-Var,2005-11-03,2005-11-06,3,,
US-Var,2005-11-07,2005-11-12,5,,
US-Var,2005-11-24,2005-11-27,3,,
US-Var,2005-11-28,2005-11-30,2,,
US-Var,2005-12-01,2005-12-06,5,,
US-Var,2006-01-01,2006-01-08,7,,
US-Var,2006-10-05,2006-10-16,11,,
US-Var,2006-11-02,2006-11-10,8,,
US-Var,2006-11-13,2006-11-19,6,,
US-Var,2006-12-09,2006-12-17,8,,
US-Var,2006-12-25,2006-12-31,6,,
US-Var,2007-02-07,2007-02-13,6,,
US-Var,2007-09-22,2007-09-28,6,,
US-Var,2007-10-10,2007-10-25,15,,
US-Var,2007-10-16,2007-10-19,3,,
US-Var,2007-10-20,2007-10-24,4,,
US-Var,2007-10-29,2007-11-02,4,,
US-Var,2007-11-10,2007-11-19,9,,
US-Var,2007-12-07,2007-12-11,4,,
US-Var,2007-12-17,2007-12-23,6,,
US-Var,2008-01-03,2008-01-07,4,,
US-Var,2008-01-08,2008-01-14,6,,
US-Var,2008-02-21,2008-02-28,7,,
US-Var,2008-05-25,2008-06-02,8,,
US-Var,2008-10-04,2008-10-14,10,,
US-Var,2008-10-30,2008-11-09,10,,
US-Var,2009-06-04,2009-06-10,6,,
US-Var,2009-09-14,2009-09-21,7,,
US-Var,2009-10-14,2009-10-21,7,,
US-Var,2009-12-13,2009-12-16,3,,
US-Var,2010-01-18,2010-01-30,12,,
US-Var,2010-06-25,2010-06-27,2,,
US-Var,2010-10-24,2010-11-02,9,,
US-Var,2010-11-06,2010-11-13,7,,
US-Var,2010-11-19,2010-11-25,6,,
US-Var,2010-11-26,2010-11-30,4,,
US-Var,2010-12-18,2010-12-24,6,,
US-Var,2010-12-30,2011-01-08,9,,
US-Var,2011-05-15,2011-05-23,8,,
US-Var,2011-06-05,2011-06-12,7,,
US-Var,2011-06-29,2011-07-18,19,,
US-Var,2011-10-05,2011-10-09,4,,
US-Var,2011-10-10,2011-10-16,6,,
US-Var,2012-01-21,2012-01-31,10,,
US-Var,2012-06-05,2012-06-11,6,,
US-Var,2012-10-22,2012-10-31,9,,
US-Var,2013-05-06,2013-05-09,3,,
US-Var,2013-05-16,2013-05-20,4,,
US-Var,2013-06-25,2013-07-01,6,,
US-Var,2013-09-22,2013-09-30,8,,
US-Var,2013-11-19,2013-11-30,11,,
US-Var,2014-01-30,2014-02-02,3,,
US-Var,2014-02-07,2014-02-14,7,,
US-Var,2014-09-26,2014-10-05,9,,
US-Var,2014-10-15,2014-10-19,4,,
US-Var,2014-10-25,2014-10-31,6,,
US-Var,2014-11-01,2014-11-08,7,,
US-Var,2014-11-12,2014-11-16,4,,
US-Var,2015-10-01,2015-10-05,4,,
US-Var,2015-10-17,2015-10-26,9,,
US-Var,2015-11-02,2015-11-06,4,,
US-Var,2015-11-08,2015-11-13,5,,
US-Var,2015-12-13,2015-12-17,4,,
US-Var,2016-01-04,2016-01-10,6,,
US-Var,2016-10-15,2016-10-23,8,,
US-Var,2016-10-30,2016-11-05,6,,
US-Var,2017-10-20,2017-10-29,9,,
US-Var,2017-11-08,2017-11-12,4,,
US-Var,2017-11-15,2017-11-19,4,,
US-Var,2017-11-25,2017-12-01,6,,
US-Var,2018-11-09,2018-11-12,3,,
US-Var,2018-11-13,2018-11-20,7,,
US-Var,2019-09-16,2019-09-30,14,,
US-Var,2019-11-26,2019-11-30,4,,
US-Var,2019-12-01,2019-12-09,8,,
US-Var,2020-05-19,2020-05-23,4,,
US-Var,2020-06-12,2020-06-17,5,,
US-Var,2020-11-13,2020-11-16,3,,
US-Var,2020-11-17,2020-11-22,5,,
US-Var,2020-12-12,2020-12-20,8,,
US-Var,2021-01-04,2021-01-10,6,,
US-Var,2021-05-22,2021-05-26,4,,
US-Var,2021-09-09,2021-09-13,4,,
US-Var,2021-09-19,2021-09-26,7,,
US-Var,2021-09-27,2021-10-01,4,,
US-Var,2021-10-08,2021-10-12,4,,
US-Var,2021-10-18,2021-10-20,2,,
US-Var,2021-10-21,2021-10-24,3,,
US-Wkg,2004-06-21,2004-06-27,6,,
US-Wkg,2004-06-28,2004-07-04,6,,
US-Wkg,2004-07-16,2004-07-22,6,,
US-Wkg,2004-07-23,2004-07-31,8,,
US-Wkg,2004-09-16,2004-09-21,5,,
US-Wkg,2004-11-07,2004-11-10,3,,
US-Wkg,2004-11-21,2004-11-26,5,,
US-Wkg,2004-12-05,2004-12-12,7,,
US-Wkg,2005-01-11,2005-01-16,5,,
US-Wkg,2005-05-28,2005-06-01,4,,
US-Wkg,2005-07-17,2005-07-21,4,,
US-Wkg,2005-07-24,2005-08-01,8,,
US-Wkg,2005-08-08,2005-08-13,5,,
US-Wkg,2005-09-21,2005-09-28,7,,
US-Wkg,2005-10-03,2005-10-09,6,,
US-Wkg,2005-12-12,2005-12-18,6,,
US-Wkg,2006-06-05,2006-06-11,6,,
US-Wkg,2006-07-04,2006-07-11,7,,
US-Wkg,2006-07-26,2006-08-01,6,,
US-Wkg,2006-10-04,2006-10-11,7,,
US-Wkg,2007-03-21,2007-03-29,8,,
US-Wkg,2007-06-11,2007-06-17,6,,
US-Wkg,2007-07-05,2007-07-10,5,,
US-Wkg,2007-07-20,2007-07-25,5,,
US-Wkg,2007-09-06,2007-09-13,7,,
US-Wkg,2007-10-09,2007-10-14,5,,
US-Wkg,2008-05-14,2008-05-20,6,,
US-Wkg,2008-06-27,2008-07-07,10,,
US-Wkg,2008-07-08,2008-07-13,5,,
US-Wkg,2008-10-11,2008-10-15,4,,
US-Wkg,2009-01-21,2009-01-27,6,,
US-Wkg,2009-05-20,2009-05-28,8,,
US-Wkg,2009-06-13,2009-06-20,7,,
US-Wkg,2009-06-30,2009-07-08,8,,
US-Wkg,2009-07-16,2009-07-20,4,,
US-Wkg,2009-07-23,2009-07-29,6,,
US-Wkg,2009-10-03,2009-10-07,4,,
US-Wkg,2009-10-18,2009-10-22,4,,
US-Wkg,2009-12-07,2009-12-13,6,,
US-Wkg,2010-07-11,2010-07-18,7,,
US-Wkg,2010-10-04,2010-10-11,7,,
US-Wkg,2010-12-30,2011-01-06,7,,
US-Wkg,2011-02-27,2011-03-06,7,,
US-Wkg,2011-03-21,2011-03-27,6,,
US-Wkg,2011-04-08,2011-04-13,5,,
US-Wkg,2011-07-07,2011-07-19,12,,
US-Wkg,2011-07-20,2011-08-01,12,,
US-Wkg,2011-11-03,2011-11-08,5,,
US-Wkg,2011-11-12,2011-11-16,4,,
US-Wkg,2011-11-23,2011-11-28,5,,
US-Wkg,2012-03-18,2012-03-25,7,,
US-Wkg,2012-05-09,2012-05-20,11,,
US-Wkg,2012-07-02,2012-07-08,6,,
US-Wkg,2012-09-03,2012-09-11,8,,
US-Wkg,2012-11-08,2012-11-13,5,,
US-Wkg,2012-11-17,2012-11-24,7,,
US-Wkg,2013-01-26,2013-01-31,5,,
US-Wkg,2013-02-08,2013-02-13,5,,
US-Wkg,2013-02-19,2013-02-26,7,,
US-Wkg,2013-03-08,2013-03-12,4,,
US-Wkg,2013-07-02,2013-07-07,5,,
US-Wkg,2013-07-08,2013-07-15,7,,
US-Wkg,2013-11-21,2013-11-25,4,,
US-Wkg,2014-03-01,2014-03-10,9,,
US-Wkg,2014-04-20,2014-04-27,7,,
US-Wkg,2014-07-01,2014-07-08,7,,
US-Wkg,2014-07-10,2014-07-16,6,,
US-Wkg,2014-07-26,2014-07-28,2,,
US-Wkg,2015-06-22,2015-06-25,3,,
US-Wkg,2015-06-26,2015-07-01,5,,
US-Wkg,2015-07-03,2015-07-09,6,,
US-Wkg,2015-11-15,2015-11-21,6,,
US-Wkg,2015-12-12,2015-12-19,7,,
US-Wkg,2016-02-01,2016-02-07,6,,
US-Wkg,2016-06-09,2016-06-13,4,,
US-Wkg,2016-06-28,2016-07-06,8,,
US-Wkg,2016-07-17,2016-07-20,3,,
US-Wkg,2016-07-25,2016-07-31,6,,
US-Wkg,2016-11-02,2016-11-06,4,,
US-Wkg,2016-11-20,2016-11-23,3,,
US-Wkg,2016-11-26,2016-11-30,4,,
US-Wkg,2017-12-17,2017-12-20,3,,
US-Wkg,2017-12-24,2017-12-27,3,,
US-Wkg,2018-01-09,2018-01-15,6,,
US-Wkg,2018-01-21,2018-01-28,7,,
US-Wkg,2018-02-28,2018-03-05,5,,
US-Wkg,2018-06-16,2018-06-24,8,,
US-Wkg,2018-06-30,2018-07-02,2,,
US-Wkg,2018-07-05,2018-07-08,3,,
US-Wkg,2018-07-09,2018-07-15,6,,
US-Wkg,2018-07-30,2018-08-05,6,,
US-Wkg,2018-08-07,2018-08-12,5,,
US-Wkg,2018-08-14,2018-08-19,5,,
US-Wkg,2018-08-20,2018-08-26,6,,
US-Wkg,2018-10-01,2018-10-06,5,,
US-Wkg,2019-01-09,2019-01-14,5,,
US-Wkg,2019-03-11,2019-03-18,7,,
US-Wkg,2019-07-01,2019-07-04,3,,
US-Wkg,2019-07-07,2019-07-11,4,,
US-Wkg,2019-07-18,2019-07-25,7,,
US-Wkg,2019-07-29,2019-08-02,4,,
US-Wkg,2019-08-22,2019-08-27,5,,
US-Wkg,2019-09-13,2019-09-17,4,,
US-Wkg,2019-09-23,2019-09-30,7,,
US-Wkg,2019-11-18,2019-11-23,5,,
US-Wkg,2020-02-22,2020-02-26,4,,
US-Wkg,2020-03-03,2020-03-09,6,,
US-Wkg,2020-07-01,2020-07-09,8,,
US-Wkg,2020-07-11,2020-07-19,8,,
US-Wkg,2020-08-01,2020-08-05,4,,
US-Wkg,2020-08-09,2020-08-12,3,,
US-Wkg,2020-08-14,2020-08-21,7,,
US-Wkg,2020-08-23,2020-08-27,4,,
US-Wkg,2020-12-10,2020-12-15,5,,
US-Wkg,2021-01-19,2021-01-25,6,,
US-Wkg,2021-05-15,2021-05-18,3,,
US-Wkg,2021-05-22,2021-05-25,3,,
US-Wkg,2021-06-23,2021-06-27,4,,
US-Wkg,2021-07-01,2021-07-04,3,,
US-Wkg,2021-07-05,2021-07-09,4,,
US-Wkg,2021-07-10,2021-07-14,4,,
US-Wkg,2021-07-15,2021-07-25,10,,
US-Wkg,2021-12-10,2021-12-14,4,,
US-Rws,2015-02-07,2015-02-11,4,,
US-Rws,2015-06-10,2015-06-14,4,,
US-Rws,2015-07-10,2015-07-19,9,,
US-Rws,2015-07-20,2015-07-27,7,,
US-Rws,2015-08-10,2015-08-16,6,,
US-Rws,2015-09-14,2015-09-21,7,,
US-Rws,2015-10-01,2015-10-06,5,,
US-Rws,2015-10-19,2015-10-27,8,,
US-Rws,2015-10-28,2015-11-02,5,,
US-Rws,2015-12-02,2015-12-07,5,,
US-Rws,2015-12-21,2015-12-27,6,,
US-Rws,2016-01-13,2016-01-25,12,,
US-Rws,2016-01-29,2016-02-01,3,,
US-Rws,2016-02-02,2016-02-07,5,,
US-Rws,2016-07-10,2016-07-17,7,,
US-Rws,2016-09-14,2016-09-18,4,,
US-Rws,2016-09-22,2016-09-26,4,,
US-Rws,2016-10-05,2016-10-10,5,,
US-Rws,2016-10-13,2016-10-20,7,,
US-Rws,2016-10-24,2016-10-29,5,,
US-Rws,2016-11-18,2016-11-22,4,,
US-Rws,2016-11-28,2016-12-01,3,,
US-Rws,2017-01-04,2017-01-08,4,,
US-Rws,2017-01-19,2017-01-24,5,,
US-Rws,2017-02-04,2017-02-12,8,,
US-Rws,2017-02-16,2017-02-19,3,,
US-Rws,2017-02-20,2017-02-26,6,,
US-Rws,2017-06-12,2017-06-18,6,,
US-Rws,2017-09-19,2017-09-25,6,,
US-Rws,2017-11-26,2017-11-30,4,,
US-Rws,2018-01-29,2018-02-01,3,,
US-Rws,2018-02-02,2018-02-07,5,,
US-Rws,2018-02-09,2018-02-12,3,,
US-Rws,2018-03-01,2018-03-04,3,,
US-Rws,2018-03-07,2018-03-09,2,,
US-Rws,2018-03-12,2018-03-18,6,,
US-Rws,2018-03-21,2018-03-26,5,,
US-Rws,2018-04-10,2018-04-15,5,,
US-Rws,2018-06-20,2018-06-28,8,,
US-Rws,2018-10-04,2018-10-08,4,,
US-Rws,2018-10-09,2018-10-15,6,,
US-Rws,2018-12-01,2018-12-03,2,,
US-Rws,2019-01-06,2019-01-14,8,,
US-Rws,2019-01-20,2019-01-24,4,,
US-Rws,2019-02-03,2019-02-06,3,,
US-Rws,2019-08-10,2019-08-13,3,,
US-Rws,2019-09-06,2019-09-16,10,,
US-Rws,2019-10-20,2019-10-23,3,,
US-Rws,2020-08-24,2020-08-31,7,,
US-Rwf,2014-08-11,2014-08-18,7,,
US-Rwf,2014-09-30,2014-10-06,6,,
US-Rwf,2014-10-12,2014-10-15,3,,
US-Rwf,2014-12-01,2014-12-07,6,,
US-Rwf,2015-01-17,2015-01-19,2,,
US-Rwf,2015-02-01,2015-02-08,7,,
US-Rwf,2015-03-14,2015-03-17,3,,
US-Rwf,2015-09-16,2015-09-22,6,,
US-Rwf,2015-10-01,2015-10-06,5,,
US-Rwf,2015-11-01,2015-11-06,5,,
US-Rwf,2015-11-15,2015-11-18,3,,
US-Rwf,2016-09-25,2016-09-30,5,,
US-Rwf,2016-10-06,2016-10-10,4,,
US-Rwf,2016-10-13,2016-10-19,6,,
US-Rwf,2016-10-24,2016-10-31,7,,
US-Rwf,2017-09-15,2017-09-17,2,,
US-Rwf,2017-09-18,2017-09-26,8,,
US-Rwf,2017-10-22,2017-10-31,9,,
US-Rwf,2017-11-20,2017-11-23,3,,
US-Rwf,2017-11-26,2017-11-30,4,,
US-Rwf,2018-10-06,2018-10-14,8,,
US-Rwf,2018-11-27,2018-12-01,4,,
US-Rwf,2018-12-15,2018-12-23,8,,
US-Rwf,2019-01-19,2019-01-24,5,,
US-Rwf,2019-04-03,2019-04-08,5,,
US-Rwf,2019-09-08,2019-09-12,4,,
US-Rwf,2019-09-16,2019-09-23,7,,
US-Rwf,2020-01-11,2020-01-15,4,,
US-Rls,2014-09-28,2014-10-03,5,,
US-Rls,2015-07-05,2015-07-07,2,,
US-Rls,2015-07-10,2015-07-19,9,,
US-Rls,2015-07-21,2015-07-28,7,,
US-Rls,2015-09-15,2015-09-20,5,,
US-Rls,2015-10-01,2015-10-05,4,,
US-Rls,2015-10-18,2015-10-26,8,,
US-Rls,2015-10-29,2015-11-04,6,,
US-Rls,2016-01-17,2016-01-24,7,,
US-Rls,2016-02-17,2016-02-22,5,,
US-Rls,2016-09-13,2016-09-19,6,,
US-Rls,2016-09-23,2016-09-27,4,,
US-Rls,2016-10-13,2016-10-19,6,,
US-Rls,2016-10-24,2016-10-29,5,,
US-Rls,2016-10-31,2016-11-07,7,,
US-Rls,2016-12-08,2016-12-12,4,,
US-Rls,2016-12-14,2016-12-18,4,,
US-Rls,2016-12-20,2016-12-25,5,,
US-Rls,2017-02-07,2017-02-11,4,,
US-Rls,2017-02-20,2017-02-26,6,,
US-Rls,2017-03-03,2017-03-06,3,,
US-Rls,2017-09-18,2017-09-24,6,,
US-Rls,2017-10-19,2017-10-22,3,,
US-Rls,2017-12-18,2017-12-23,5,,
US-Rls,2017-12-31,2018-01-07,7,,
US-Rls,2018-01-10,2018-01-16,6,,
US-Rls,2018-01-17,2018-01-22,5,,
US-Rls,2018-01-24,2018-01-28,4,,
US-Rls,2018-03-12,2018-03-18,6,,
US-Rls,2018-11-27,2018-11-30,3,,
US-Rls,2018-12-17,2018-12-26,9,,
US-Rls,2019-01-19,2019-01-23,4,,
US-Rls,2019-02-03,2019-02-10,7,,
US-Rls,2019-02-13,2019-02-17,4,,
US-Rls,2019-02-24,2019-03-01,5,,
US-Rls,2019-09-08,2019-09-12,4,,
US-Rls,2019-10-20,2019-10-23,3,,
US-Rls,2019-11-25,2019-12-01,6,,
US-Rls,2019-12-08,2019-12-15,7,,
US-Rls,2020-10-11,2020-10-20,9,,
US-Rls,2020-11-14,2020-11-18,4,,
US-Rls,2021-01-02,2021-01-10,8,,
US-Rls,2021-10-23,2021-10-31,8,,
US-Rls,2021-12-12,2021-12-15,3,,
US-Rls,2021-12-24,2021-12-31,7,,
US-Rms,2014-09-28,2014-10-04,6,,
US-Rms,2014-10-21,2014-10-31,10,,
US-Rms,2015-03-14,2015-03-17,3,,
US-Rms,2015-04-24,2015-05-05,11,,
US-Rms,2015-08-11,2015-08-23,12,,
US-Rms,2015-09-15,2015-09-29,14,,
US-Rms,2015-09-30,2015-10-05,5,,
US-Rms,2015-10-19,2015-10-26,7,,
US-Rms,2016-09-14,2016-09-20,6,,
US-Rms,2016-09-22,2016-09-26,4,,
US-Rms,2016-10-13,2016-10-22,9,,
US-Rms,2017-02-06,2017-02-13,7,,
US-Rms,2017-04-07,2017-04-13,6,,
US-Rms,2017-04-16,2017-04-25,9,,
US-Rms,2017-09-18,2017-09-24,6,,
US-Rms,2017-10-19,2017-10-25,6,,
US-Rms,2018-02-09,2018-02-12,3,,
US-Rms,2018-03-01,2018-03-06,5,,
US-Rms,2018-10-06,2018-10-09,3,,
US-Rms,2018-11-01,2018-11-06,5,,
US-Rms,2018-12-20,2018-12-23,3,,
US-Rms,2019-02-24,2019-03-01,5,,
US-Rms,2019-04-06,2019-04-14,8,,
US-Rms,2019-04-21,2019-04-30,9,,
US-Rms,2019-05-16,2019-05-26,10,,
US-Rms,2020-01-04,2020-01-13,9,,
US-Rms,2020-02-08,2020-02-19,11,,
US-Rms,2020-05-17,2020-05-23,6,,
US-Jo1,2010-01-23,2010-01-26,3,,
US-Jo1,2010-03-07,2010-03-13,6,,
US-Jo1,2010-06-07,2010-06-12,5,,
US-Jo1,2010-06-30,2010-07-11,11,,
US-Jo1,2010-08-14,2010-08-22,8,,
US-Jo1,2010-08-24,2010-08-29,5,,
US-Jo1,2010-10-05,2010-10-11,6,,
US-Jo1,2010-10-19,2010-10-24,5,,
US-Jo1,2010-11-15,2010-11-23,8,,
US-Jo1,2011-02-06,2011-02-10,4,,
US-Jo1,2011-02-27,2011-03-04,5,,
US-Jo1,2011-06-05,2011-06-12,7,,
US-Jo1,2011-07-02,2011-07-17,15,,
US-Jo1,2011-07-20,2011-07-27,7,,
US-Jo1,2011-09-14,2011-09-29,15,,
US-Jo1,2011-12-01,2011-12-06,5,,
US-Jo1,2011-12-12,2011-12-16,4,,
US-Jo1,2011-12-22,2011-12-26,4,,
US-Jo1,2012-05-12,2012-05-17,5,,
US-Jo1,2012-06-08,2012-06-18,10,,
US-Jo1,2012-08-08,2012-08-12,4,,
US-Jo1,2013-04-08,2013-04-11,3,,
US-Jo1,2013-11-22,2013-11-25,3,,
US-Jo1,2014-06-19,2014-06-23,4,,
US-Jo1,2014-06-24,2014-06-30,6,,
US-Jo1,2014-07-01,2014-07-07,6,,
US-Jo1,2014-07-12,2014-07-18,6,,
US-Jo1,2014-08-15,2014-08-21,6,,
US-Jo1,2014-10-19,2014-10-23,4,,
US-Jo1,2015-05-11,2015-05-15,4,,
US-Jo1,2015-05-20,2015-05-25,5,,
US-Jo1,2015-06-26,2015-06-30,4,,
US-Jo1,2015-09-21,2015-09-26,5,,
US-Jo1,2015-10-04,2015-10-08,4,,
US-Jo1,2016-07-25,2016-07-31,6,,
US-Jo1,2016-08-10,2016-08-16,6,,
US-Jo1,2016-11-03,2016-11-08,5,,
US-Jo1,2017-09-27,2017-10-02,5,,
US-Jo1,2018-02-15,2018-02-21,6,,
US-Jo1,2018-03-11,2018-03-18,7,,
US-Jo1,2018-06-03,2018-06-10,7,,
US-Jo1,2018-06-17,2018-06-20,3,,
US-Jo1,2018-07-09,2018-07-18,9,,
US-Jo1,2019-12-26,2019-12-30,4,,
US-Jo1,2020-06-12,2020-06-17,5,,
US-Jo1,2020-07-20,2020-07-27,7,,
US-Jo1,2020-08-01,2020-08-09,8,,
US-Jo1,2020-09-09,2020-09-14,5,,
US-xNG,2018-03-27,2018-04-01,5,,
US-xNG,2018-11-10,2018-11-12,2,,
US-xNG,2018-11-13,2018-11-18,5,,
US-xNG,2018-11-28,2018-12-05,7,,
US-xNG,2018-12-19,2018-12-30,11,,
US-xNG,2019-05-22,2019-05-27,5,,
US-xNG,2019-07-01,2019-07-05,4,,
US-xNG,2020-06-29,2020-07-11,12,,
US-xNG,2020-08-27,2020-08-31,4,,
US-xNG,2021-02-01,2021-02-07,6,,
US-xNG,2021-03-28,2021-04-05,8,,
US-xNG,2021-04-11,2021-04-19,8,,
US-xNG,2021-08-19,2021-08-24,5,,
US-xNG,2021-08-26,2021-09-02,7,,
US-FR2,2005-01-01,2005-01-05,4,,
US-FR2,2005-02-23,2005-02-28,5,,
US-FR2,2005-09-12,2005-09-19,7,,
US-FR2,2005-10-10,2005-10-15,5,,
US-FR2,2006-01-28,2006-02-01,4,,
US-FR2,2006-03-19,2006-03-23,4,,
US-FR2,2006-06-17,2006-06-26,9,,
US-FR2,2007-12-01,2007-12-03,2,,
US-FR2,2008-07-07,2008-07-21,14,,
US-FR2,2008-12-19,2008-12-22,3,,
US-Mpj,2008-01-06,2008-01-12,6,,
US-Mpj,2008-01-24,2008-01-30,6,,
US-Mpj,2008-02-04,2008-02-09,5,,
US-Mpj,2008-06-04,2008-06-08,4,,
US-Mpj,2008-06-20,2008-06-25,5,,
US-Mpj,2008-07-27,2008-08-03,7,,
US-Mpj,2009-02-10,2009-02-15,5,,
US-Mpj,2009-07-01,2009-07-13,12,,
US-Mpj,2009-07-19,2009-07-31,12,,
US-Mpj,2009-08-13,2009-08-23,10,,
US-Mpj,2010-09-25,2010-09-30,5,,
US-Mpj,2011-04-06,2011-04-12,6,,
US-Mpj,2011-06-30,2011-07-06,6,,
US-Mpj,2011-07-28,2011-08-10,13,,
US-Mpj,2011-09-04,2011-09-09,5,,
US-Mpj,2011-11-24,2011-11-30,6,,
US-Mpj,2012-05-06,2012-05-12,6,,
US-Mpj,2012-07-01,2012-07-03,2,,
US-Mpj,2012-07-07,2012-07-16,9,,
US-Mpj,2012-08-05,2012-08-15,10,,
US-Mpj,2012-08-19,2012-08-27,8,,
US-Mpj,2012-09-07,2012-09-12,5,,
US-Mpj,2012-10-11,2012-10-15,4,,
US-Mpj,2013-01-26,2013-01-31,5,,
US-Mpj,2013-05-15,2013-05-19,4,,
US-Mpj,2013-06-03,2013-06-09,6,,
US-Mpj,2013-06-14,2013-06-20,6,,
US-Mpj,2013-07-02,2013-07-08,6,,
US-Mpj,2013-07-25,2013-07-31,6,,
US-Mpj,2013-08-05,2013-08-11,6,,
US-Mpj,2013-09-11,2013-09-16,5,,
US-Mpj,2013-11-15,2013-11-19,4,,
US-Mpj,2014-05-22,2014-05-27,5,,
US-Mpj,2014-06-13,2014-06-16,3,,
US-Mpj,2014-06-17,2014-06-23,6,,
US-Mpj,2014-07-01,2014-07-15,14,,
US-Mpj,2014-12-14,2014-12-21,7,,
US-Mpj,2015-09-21,2015-09-30,9,,
US-Mpj,2015-10-04,2015-10-10,6,,
US-Mpj,2015-11-15,2015-11-21,6,,
US-Mpj,2016-01-07,2016-01-11,4,,
US-Mpj,2016-11-03,2016-11-08,5,,
US-Mpj,2016-12-26,2016-12-29,3,,
US-Mpj,2017-01-24,2017-01-30,6,,
US-Mpj,2017-06-26,2017-06-30,4,,
US-Mpj,2017-07-02,2017-07-07,5,,
US-Mpj,2017-07-10,2017-07-13,3,,
US-Mpj,2017-07-14,2017-07-19,5,,
US-Mpj,2017-07-23,2017-07-25,2,,
US-Mpj,2017-07-30,2017-08-07,8,,
US-Mpj,2017-08-12,2017-08-16,4,,
US-Mpj,2017-08-23,2017-08-31,8,,
US-Mpj,2017-09-26,2017-10-03,7,,
US-Mpj,2017-10-06,2017-10-11,5,,
US-Mpj,2018-02-17,2018-02-20,3,,
US-Mpj,2018-05-21,2018-05-28,7,,
US-Mpj,2018-06-03,2018-06-10,7,,
US-Mpj,2018-06-16,2018-06-30,14,,
US-Mpj,2018-07-09,2018-07-13,4,,
US-Mpj,2018-07-15,2018-07-23,8,,
US-Mpj,2018-07-24,2018-08-06,13,,
US-Mpj,2018-08-22,2018-08-31,9,,
US-Mpj,2018-09-21,2018-09-26,5,,
US-Mpj,2018-10-02,2018-10-08,6,,
US-Mpj,2018-10-14,2018-10-22,8,,
US-Mpj,2018-12-31,2019-01-03,3,,
US-Mpj,2019-02-18,2019-02-21,3,,
US-Mpj,2019-02-21,2019-02-25,4,,
US-Mpj,2019-06-03,2019-06-09,6,,
US-Mpj,2019-06-26,2019-07-01,5,,
US-Mpj,2019-07-16,2019-07-18,2,,
US-Mpj,2019-07-28,2019-07-31,3,,
US-Mpj,2019-08-03,2019-08-10,7,,
US-Mpj,2019-08-28,2019-08-31,3,,
US-Mpj,2019-09-08,2019-09-18,10,,
US-Mpj,2019-10-04,2019-10-10,6,,
US-Mpj,2019-11-27,2019-12-02,5,,
US-Mpj,2019-12-27,2019-12-31,4,,
US-Mpj,2020-01-01,2020-01-05,4,,
US-Mpj,2020-06-03,2020-06-08,5,,
US-Mpj,2020-06-11,2020-06-15,4,,
US-Mpj,2020-06-16,2020-06-21,5,,
US-Mpj,2020-07-24,2020-08-08,15,,
US-Mpj,2020-08-10,2020-08-17,7,,
US-Mpj,2020-08-25,2020-08-31,6,,
US-Mpj,2020-11-07,2020-11-10,3,,
US-Mpj,2020-12-13,2020-12-17,4,,
US-Seg,2007-01-14,2007-01-18,4,,
US-Seg,2007-02-12,2007-02-17,5,,
US-Seg,2007-03-22,2007-03-29,7,,
US-Seg,2007-07-31,2007-08-05,5,,
US-Seg,2007-08-24,2007-08-29,5,,
US-Seg,2007-10-04,2007-10-08,4,,
US-Seg,2007-10-28,2007-11-01,4,,
US-Seg,2007-11-29,2007-12-02,3,,
US-Seg,2008-02-04,2008-02-10,6,,
US-Seg,2008-02-23,2008-02-27,4,,
US-Seg,2008-04-10,2008-04-14,4,,
US-Seg,2008-05-14,2008-05-21,7,,
US-Seg,2008-05-22,2008-05-26,4,,
US-Seg,2008-07-01,2008-07-09,8,,
US-Seg,2008-10-20,2008-10-26,6,,
US-Seg,2008-12-27,2008-12-31,4,,
US-Seg,2009-05-23,2009-05-28,5,,
US-Seg,2009-06-24,2009-06-28,4,,
US-Seg,2009-08-13,2009-08-20,7,,
US-Seg,2009-08-25,2009-08-31,6,,
US-Seg,2009-09-03,2009-09-09,6,,
US-Seg,2009-09-17,2009-09-22,5,,
US-Seg,2010-06-29,2010-07-02,3,,
US-Seg,2010-07-15,2010-07-20,5,,
US-Seg,2010-07-23,2010-07-27,4,,
US-Seg,2010-09-23,2010-09-27,4,,
US-Seg,2011-01-31,2011-02-07,7,,
US-Seg,2011-07-11,2011-07-17,6,,
US-Seg,2011-08-01,2011-08-08,7,,
US-Seg,2011-08-12,2011-08-16,4,,
US-Seg,2011-08-24,2011-08-29,5,,
US-Seg,2011-09-01,2011-09-05,4,,
US-Seg,2011-12-23,2011-12-26,3,,
US-Seg,2012-06-22,2012-06-27,5,,
US-Seg,2012-07-06,2012-07-10,4,,
US-Seg,2012-08-05,2012-08-08,3,,
US-Seg,2012-08-18,2012-08-21,3,,
US-Seg,2012-09-28,2012-10-01,3,,
US-Seg,2012-11-17,2012-11-21,4,,
US-Seg,2012-12-19,2012-12-23,4,,
US-Seg,2013-01-29,2013-02-02,4,,
US-Seg,2013-06-30,2013-07-02,2,,
US-Seg,2013-07-04,2013-07-07,3,,
US-Seg,2013-07-08,2013-07-11,3,,
US-Seg,2013-11-21,2013-11-25,4,,
US-Seg,2014-01-21,2014-01-28,7,,
US-Seg,2014-04-19,2014-04-22,3,,
US-Seg,2014-05-23,2014-05-28,5,,
US-Seg,2014-06-17,2014-06-23,6,,
US-Seg,2014-07-03,2014-07-08,5,,
US-Seg,2014-07-14,2014-07-20,6,,
US-Seg,2014-07-28,2014-08-03,6,,
US-Seg,2015-01-22,2015-01-26,4,,
US-Seg,2015-06-15,2015-06-21,6,,
US-Seg,2015-06-25,2015-06-30,5,,
US-Seg,2015-09-04,2015-09-08,4,,
US-Seg,2015-09-21,2015-09-27,6,,
US-Seg,2015-10-19,2015-10-22,3,,
US-Seg,2016-07-18,2016-07-24,6,,
US-Seg,2016-08-06,2016-08-09,3,,
US-Seg,2016-09-09,2016-09-12,3,,
US-Seg,2016-11-01,2016-11-08,7,,
US-Seg,2017-06-04,2017-06-07,3,,
US-Seg,2017-07-02,2017-07-06,4,,
US-Seg,2017-07-13,2017-07-16,3,,
US-Seg,2017-07-18,2017-07-22,4,,
US-Seg,2017-07-23,2017-07-27,4,,
US-Seg,2017-09-26,2017-10-02,6,,
US-Seg,2018-01-21,2018-01-26,5,,
US-Seg,2018-04-13,2018-04-16,3,,
US-Seg,2018-06-16,2018-06-20,4,,
US-Seg,2018-07-05,2018-07-09,4,,
US-Seg,2018-10-15,2018-10-21,6,,
US-Seg,2018-11-11,2018-11-17,6,,
US-Seg,2018-11-30,2018-12-02,2,,
US-Seg,2018-12-28,2019-01-05,8,,
US-Seg,2019-02-06,2019-02-10,4,,
US-Seg,2019-02-11,2019-02-13,2,,
US-Seg,2019-02-15,2019-02-18,3,,
US-Seg,2019-02-22,2019-02-26,4,,
US-Seg,2019-02-28,2019-03-05,5,,
US-Seg,2019-03-11,2019-03-17,6,,
US-Seg,2019-03-20,2019-03-26,6,,
US-Seg,2019-06-05,2019-06-08,3,,
US-Seg,2019-06-27,2019-07-02,5,,
US-Seg,2019-07-07,2019-07-11,4,,
US-Seg,2019-07-24,2019-07-29,5,,
US-Seg,2019-08-03,2019-08-08,5,,
US-Seg,2019-09-14,2019-09-23,9,,
US-Seg,2019-11-19,2019-11-24,5,,
US-Seg,2019-11-25,2019-12-01,6,,
US-Seg,2019-12-29,2020-01-02,4,,
US-Seg,2020-02-03,2020-02-09,6,,
US-Seg,2020-02-11,2020-02-15,4,,
US-Seg,2020-02-22,2020-02-24,2,,
US-Seg,2020-04-13,2020-04-15,2,,
US-Seg,2020-07-16,2020-07-20,4,,
US-Seg,2020-07-23,2020-07-29,6,,
US-Seg,2020-09-01,2020-09-07,6,,
US-Seg,2020-09-08,2020-09-21,13,,
US-Seg,2020-09-26,2020-09-30,4,,
US-Seg,2020-10-26,2020-10-31,5,,
US-Seg,2020-11-07,2020-11-11,4,,
US-Seg,2020-12-11,2020-12-16,5,,
US-Seg,2021-01-18,2021-01-23,5,,
US-Seg,2021-01-26,2021-02-03,8,,
US-Seg,2021-02-14,2021-02-17,3,,
US-Seg,2021-04-29,2021-05-03,4,,
US-Seg,2021-05-05,2021-05-11,6,,
US-Seg,2021-06-29,2021-07-04,5,,
US-Seg,2021-07-06,2021-07-11,5,,
US-Seg,2021-08-04,2021-08-09,5,,
US-Seg,2021-12-10,2021-12-13,3,,
US-Seg,2021-12-24,2021-12-28,4,,
US-Ses,2007-01-22,2007-01-25,3,,
US-Ses,2007-07-05,2007-07-10,5,,
US-Ses,2007-07-22,2007-07-28,6,,
US-Ses,2007-08-01,2007-08-06,5,,
US-Ses,2008-01-07,2008-01-14,7,,
US-Ses,2008-02-23,2008-02-28,5,,
US-Ses,2008-04-10,2008-04-14,4,,
US-Ses,2008-06-24,2008-06-30,6,,
US-Ses,2008-07-01,2008-07-06,5,,
US-Ses,2008-07-06,2008-07-14,8,,
US-Ses,2008-07-19,2008-07-26,7,,
US-Ses,2008-12-26,2008-12-31,5,,
US-Ses,2009-05-22,2009-05-29,7,,
US-Ses,2009-06-01,2009-06-06,5,,
US-Ses,2009-06-24,2009-06-30,6,,
US-Ses,2009-07-03,2009-07-13,10,,
US-Ses,2009-07-21,2009-07-27,6,,
US-Ses,2009-08-26,2009-08-31,5,,
US-Ses,2009-12-22,2009-12-28,6,,
US-Ses,2010-01-28,2010-02-01,4,,
US-Ses,2010-02-22,2010-02-26,4,,
US-Ses,2010-04-22,2010-04-26,4,,
US-Ses,2010-06-27,2010-07-03,6,,
US-Ses,2010-07-25,2010-07-27,2,,
US-Ses,2010-09-22,2010-09-26,4,,
US-Ses,2010-11-24,2010-11-27,3,,
US-Ses,2011-03-08,2011-03-14,6,,
US-Ses,2011-07-13,2011-07-18,5,,
US-Ses,2011-07-22,2011-07-25,3,,
US-Ses,2011-07-26,2011-07-29,3,,
US-Ses,2011-07-31,2011-08-08,8,,
US-Ses,2011-08-21,2011-08-28,7,,
US-Ses,2011-09-03,2011-09-06,3,,
US-Ses,2011-12-05,2011-12-12,7,,
US-Ses,2011-12-23,2011-12-31,8,,
US-Ses,2012-04-03,2012-04-08,5,,
US-Ses,2012-07-03,2012-07-12,9,,
US-Ses,2012-07-19,2012-07-23,4,,
US-Ses,2012-08-05,2012-08-08,3,,
US-Ses,2012-08-22,2012-08-27,5,,
US-Ses,2012-09-12,2012-09-16,4,,
US-Ses,2012-12-19,2012-12-24,5,,
US-Ses,2013-01-14,2013-01-21,7,,
US-Ses,2013-01-29,2013-02-02,4,,
US-Ses,2013-04-10,2013-04-14,4,,
US-Ses,2013-07-01,2013-07-07,6,,
US-Ses,2013-07-08,2013-07-17,9,,
US-Ses,2013-11-11,2013-11-25,14,,
US-Ses,2014-04-20,2014-04-24,4,,
US-Ses,2014-05-23,2014-05-30,7,,
US-Ses,2014-06-18,2014-06-23,5,,
US-Ses,2014-07-01,2014-07-07,6,,
US-Ses,2014-07-08,2014-07-10,2,,
US-Ses,2014-07-11,2014-07-14,3,,
US-Ses,2014-07-31,2014-08-03,3,,
US-Ses,2014-08-15,2014-08-20,5,,
US-Ses,2015-05-16,2015-05-19,3,,
US-Ses,2015-06-08,2015-06-12,4,,
US-Ses,2015-06-15,2015-06-21,6,,
US-Ses,2015-06-25,2015-06-30,5,,
US-Ses,2015-08-16,2015-08-19,3,,
US-Ses,2015-09-22,2015-09-26,4,,
US-Ses,2016-07-22,2016-07-28,6,,
US-Ses,2016-08-06,2016-08-11,5,,
US-Ses,2016-09-04,2016-09-07,3,,
US-Ses,2017-07-10,2017-07-12,2,,
US-Ses,2017-07-13,2017-07-17,4,,
US-Ses,2017-07-18,2017-07-21,3,,
US-Ses,2017-07-23,2017-07-26,3,,
US-Ses,2018-07-09,2018-07-14,5,,
US-Ses,2018-07-15,2018-07-20,5,,
US-Ses,2018-10-15,2018-10-17,2,,
US-Ses,2018-12-27,2018-12-31,4,,
US-Ses,2019-02-15,2019-02-18,3,,
US-Ses,2019-03-07,2019-03-11,4,,
US-Ses,2019-03-13,2019-03-18,5,,
US-Ses,2019-04-09,2019-04-14,5,,
US-Ses,2019-06-26,2019-06-30,4,,
US-Ses,2019-08-03,2019-08-11,8,,
US-Ses,2019-09-16,2019-09-22,6,,
US-Ses,2019-10-03,2019-10-07,4,,
US-Ses,2020-02-11,2020-02-16,5,,
US-Ses,2020-03-25,2020-03-31,6,,
US-Ses,2020-06-02,2020-06-08,6,,
US-Ses,2020-07-23,2020-08-03,11,,
US-Ses,2020-09-01,2020-09-07,6,,
US-Ses,2020-10-26,2020-11-01,6,,
US-Ses,2020-12-12,2020-12-16,4,,
US-Ses,2021-02-14,2021-02-19,5,,
US-Ses,2021-04-21,2021-04-26,5,,
US-Ses,2021-04-29,2021-05-04,5,,
US-Ses,2021-10-11,2021-10-17,6,,
US-Ses,2021-10-25,2021-11-01,7,,
US-Ses,2021-12-11,2021-12-13,2,,
US-Ses,2021-12-15,2021-12-19,4,,
US-Wjs,2008-05-21,2008-05-25,4,,
US-Wjs,2008-05-29,2008-06-02,4,,
US-Wjs,2009-06-10,2009-06-14,4,,
US-Wjs,2009-07-07,2009-07-13,6,,
US-Wjs,2009-07-30,2009-08-02,3,,
US-Wjs,2010-01-24,2010-01-28,4,,
US-Wjs,2010-02-22,2010-02-26,4,,
US-Wjs,2010-06-06,2010-06-13,7,,
US-Wjs,2010-06-26,2010-06-30,4,,
US-Wjs,2010-12-06,2010-12-20,14,,
US-Wjs,2011-01-17,2011-01-24,7,,
US-Wjs,2011-02-01,2011-02-09,8,,
US-Wjs,2011-07-22,2011-07-27,5,,
US-Wjs,2011-07-31,2011-08-03,3,,
US-Wjs,2011-08-04,2011-08-08,4,,
US-Wjs,2011-08-15,2011-08-21,6,,
US-Wjs,2011-12-19,2011-12-26,7,,
US-Wjs,2012-08-13,2012-08-19,6,,
US-Wjs,2013-06-03,2013-06-10,7,,
US-Wjs,2013-06-14,2013-06-23,9,,
US-Wjs,2013-07-03,2013-07-14,11,,
US-Wjs,2013-07-21,2013-07-24,3,,
US-Wjs,2013-12-08,2013-12-12,4,,
US-Wjs,2014-04-20,2014-04-27,7,,
US-Wjs,2014-05-24,2014-05-27,3,,
US-Wjs,2014-06-24,2014-06-30,6,,
US-Wjs,2014-07-02,2014-07-07,5,,
US-Wjs,2015-01-30,2015-02-03,4,,
US-Wjs,2015-02-22,2015-03-01,7,,
US-Wjs,2015-06-06,2015-06-10,4,,
US-Wjs,2015-12-29,2016-01-01,3,,
US-Wjs,2016-05-01,2016-05-09,8,,
US-Wjs,2016-08-06,2016-08-11,5,,
US-Wjs,2017-06-26,2017-07-01,5,,
US-Wjs,2017-09-29,2017-10-02,3,,
US-Wjs,2018-05-21,2018-05-28,7,,
US-Wjs,2018-06-04,2018-06-11,7,,
US-Wjs,2018-06-16,2018-06-20,4,,
US-Wjs,2018-07-24,2018-07-31,7,,
US-Wjs,2018-08-17,2018-08-22,5,,
US-Wjs,2018-10-17,2018-10-21,4,,
US-Wjs,2018-11-12,2018-11-18,6,,
US-Wjs,2018-12-26,2018-12-31,5,,
US-Wjs,2019-02-18,2019-02-24,6,,
US-Wjs,2019-06-27,2019-06-30,3,,
US-Wjs,2019-07-01,2019-07-10,9,,
US-Wjs,2019-07-17,2019-07-23,6,,
US-Wjs,2019-07-28,2019-08-01,4,,
US-Wjs,2019-10-04,2019-10-08,4,,
US-Wjs,2019-10-09,2019-10-13,4,,
US-Wjs,2019-11-26,2019-12-01,5,,
US-Wjs,2019-12-29,2019-12-31,2,,
US-Wjs,2020-02-03,2020-02-09,6,,
US-Wjs,2020-02-11,2020-02-16,5,,
US-Wjs,2020-02-24,2020-02-28,4,,
US-Wjs,2020-06-15,2020-06-21,6,,
US-Wjs,2020-06-25,2020-07-02,7,,
US-Wjs,2020-07-26,2020-08-03,8,,
US-Wjs,2020-12-15,2020-12-18,3,,
US-Wjs,2020-12-23,2020-12-27,4,,
US-Wjs,2021-06-04,2021-06-07,3,,
US-Wjs,2021-07-01,2021-07-07,6,,
US-Wjs,2021-12-24,2021-12-28,4,,
US-SRS,2011-07-04,2011-07-11,7,,
US-SRS,2011-07-24,2011-07-27,3,,
US-SRS,2011-09-09,2011-09-16,7,,
US-SRS,2012-06-17,2012-06-23,6,,
US-SRS,2012-06-27,2012-07-01,4,,
US-SRS,2013-02-08,2013-02-11,3,,
US-SRS,2013-02-20,2013-02-25,5,,
US-SRS,2013-06-30,2013-07-04,4,,
US-SRS,2014-03-01,2014-03-05,4,,
US-SRS,2014-07-08,2014-07-15,7,,
US-SRS,2014-08-01,2014-08-04,3,,
US-SRS,2014-08-10,2014-08-15,5,,
US-SRS,2014-08-18,2014-08-23,5,,
US-SRS,2014-09-17,2014-09-21,4,,
US-SRS,2014-10-08,2014-10-10,2,,
US-SRS,2015-01-08,2015-01-11,3,,
US-SRS,2015-01-30,2015-02-03,4,,
US-SRS,2015-04-13,2015-04-16,3,,
US-SRS,2015-07-29,2015-08-03,5,,
US-SRS,2015-08-09,2015-08-13,4,,
US-SRS,2015-08-24,2015-08-31,7,,
US-SRS,2015-09-21,2015-09-26,5,,
US-SRS,2016-06-27,2016-07-04,7,,
US-SRS,2016-07-18,2016-07-24,6,,
US-SRS,2016-07-27,2016-08-02,6,,
US-SRS,2016-09-06,2016-09-11,5,,
US-SRS,2017-01-20,2017-01-24,4,,
US-SRS,2017-03-24,2017-03-27,3,,
US-SRS,2017-07-11,2017-07-14,3,,
US-SRS,2018-06-17,2018-06-20,3,,
AU-Dry,2008-10-15,2008-10-23,8,,
AU-Dry,2008-11-07,2008-11-12,5,,
AU-Dry,2008-11-17,2008-11-21,4,,
AU-Dry,2009-12-01,2009-12-06,5,,
AU-Dry,2009-12-12,2009-12-18,6,,
AU-Dry,2010-01-03,2010-01-08,5,,
AU-Dry,2010-10-13,2010-10-18,5,,
AU-Dry,2010-10-30,2010-11-05,6,,
AU-Dry,2011-10-28,2011-11-04,7,,
AU-Dry,2011-11-10,2011-11-14,4,,
AU-Dry,2011-11-19,2011-11-23,4,,
AU-Dry,2012-11-02,2012-11-07,5,,
AU-Dry,2012-11-08,2012-11-11,3,,
AU-Dry,2012-11-17,2012-11-24,7,,
AU-Dry,2012-11-25,2012-11-28,3,,
AU-Dry,2014-11-04,2014-11-09,5,,
AU-Dry,2014-11-25,2014-11-27,2,,
AU-ASM,2010-11-14,2010-11-20,6,,
AU-ASM,2010-11-27,2010-12-05,8,,
AU-ASM,2010-12-10,2010-12-14,4,,
AU-ASM,2011-08-17,2011-08-19,2,,
AU-ASM,2011-08-21,2011-08-25,4,,
AU-ASM,2011-10-21,2011-10-28,7,,
AU-ASM,2011-11-19,2011-11-25,6,,
AU-ASM,2011-12-19,2011-12-26,7,,
AU-ASM,2012-01-05,2012-01-08,3,,
AU-ASM,2012-01-09,2012-01-16,7,,
AU-ASM,2012-02-20,2012-02-24,4,,
AU-ASM,2012-02-27,2012-03-07,9,,
AU-ASM,2012-04-22,2012-04-27,5,,
AU-ASM,2012-10-26,2012-10-31,5,,
AU-ASM,2012-11-07,2012-11-13,6,,
AU-ASM,2012-12-02,2012-12-06,4,,
AU-ASM,2012-12-17,2012-12-23,6,,
AU-ASM,2013-01-06,2013-01-11,5,,
AU-ASM,2013-01-17,2013-01-21,4,,
AU-ASM,2013-02-09,2013-02-13,4,,
AU-ASM,2013-02-28,2013-03-04,4,,
AU-ASM,2013-03-24,2013-03-27,3,,
AU-ASM,2013-03-28,2013-04-01,4,,
AU-ASM,2013-04-06,2013-04-12,6,,
AU-ASM,2013-12-05,2013-12-09,4,,
AU-ASM,2013-12-28,2013-12-31,3,,
AU-ASM,2014-01-28,2014-01-31,3,,
AU-ASM,2014-08-06,2014-08-11,5,,
AU-ASM,2014-11-23,2014-11-27,4,,
AU-ASM,2014-11-29,2014-12-03,4,,
AU-ASM,2014-12-24,2014-12-29,5,,
AU-Cpr,2010-08-17,2010-08-23,6,,
AU-Cpr,2010-10-28,2010-11-01,4,,
AU-Cpr,2011-01-11,2011-01-17,6,,
AU-Cpr,2011-02-10,2011-02-14,4,,
AU-Cpr,2011-03-21,2011-03-26,5,,
AU-Cpr,2011-04-07,2011-04-11,4,,
AU-Cpr,2011-10-06,2011-10-11,5,,
AU-Cpr,2011-10-13,2011-10-17,4,,
AU-Cpr,2011-11-07,2011-11-11,4,,
AU-Cpr,2011-11-17,2011-11-21,4,,
AU-Cpr,2011-11-24,2011-11-26,2,,
AU-Cpr,2011-11-27,2011-12-02,5,,
AU-Cpr,2012-01-29,2012-02-02,4,,
AU-Cpr,2012-02-27,2012-03-05,7,,
AU-Cpr,2012-11-04,2012-11-08,4,,
AU-Cpr,2012-11-26,2012-12-03,7,,
AU-Cpr,2012-12-12,2012-12-17,5,,
AU-Cpr,2013-02-28,2013-03-04,4,,
AU-Cpr,2013-03-11,2013-03-18,7,,
AU-Cpr,2013-04-22,2013-04-25,3,,
AU-Cpr,2013-06-04,2013-06-07,3,,
AU-Cpr,2013-06-13,2013-06-17,4,,
AU-Cpr,2013-07-13,2013-07-19,6,,
AU-Cpr,2013-09-15,2013-09-19,4,,
AU-Cpr,2013-09-23,2013-09-25,2,,
AU-Cpr,2013-12-02,2013-12-05,3,,
AU-Cpr,2013-12-07,2013-12-10,3,,
AU-Cpr,2013-12-19,2013-12-23,4,,
AU-Cpr,2014-07-07,2014-07-13,6,,
AU-Cpr,2014-07-15,2014-07-20,5,,
AU-Cpr,2014-10-06,2014-10-08,2,,
AU-Cpr,2014-10-27,2014-10-29,2,,
AU-Cpr,2014-12-03,2014-12-08,5,,
AU-Cpr,2014-12-11,2014-12-15,4,,
AU-DaP,2007-10-05,2007-10-10,5,,
AU-DaP,2008-08-28,2008-09-02,5,,
AU-DaP,2008-09-11,2008-09-16,5,,
AU-DaP,2008-10-02,2008-10-09,7,,
AU-DaP,2008-10-14,2008-10-16,2,,
AU-DaP,2008-10-17,2008-10-20,3,,
AU-DaP,2008-10-26,2008-10-31,5,,
AU-DaP,2008-11-05,2008-11-07,2,,
AU-DaP,2008-11-08,2008-11-12,4,,
AU-DaP,2008-11-13,2008-11-16,3,,
AU-DaP,2008-11-17,2008-11-18,1,,
AU-DaP,2008-11-21,2008-11-23,2,,
AU-DaP,2009-08-28,2009-09-02,5,,
AU-DaP,2009-09-24,2009-09-30,6,,
AU-DaP,2009-10-11,2009-10-18,7,,
AU-DaP,2009-10-27,2009-11-01,5,,
AU-DaP,2009-11-12,2009-11-21,9,,
AU-DaP,2009-11-29,2009-12-06,7,,
AU-DaP,2009-12-07,2009-12-10,3,,
AU-DaP,2009-12-11,2009-12-16,5,,
AU-DaP,2010-04-10,2010-04-15,5,,
AU-DaP,2010-04-24,2010-04-27,3,,
AU-DaP,2010-05-17,2010-05-24,7,,
AU-DaP,2010-08-01,2010-08-08,7,,
AU-DaP,2010-09-04,2010-09-10,6,,
AU-DaP,2010-09-27,2010-10-03,6,,
AU-DaP,2010-10-07,2010-10-11,4,,
AU-DaP,2010-10-12,2010-10-18,6,,
AU-DaP,2011-07-03,2011-07-06,3,,
AU-DaP,2011-10-26,2011-10-29,3,,
AU-DaP,2011-11-01,2011-11-04,3,,
AU-DaP,2012-11-03,2012-11-06,3,,
AU-DaP,2013-05-17,2013-05-20,3,,
AU-DaP,2013-05-22,2013-05-27,5,,
AU-DaP,2013-06-20,2013-06-25,5,,
AU-DaP,2013-08-04,2013-08-11,7,,
AU-DaS,2008-11-13,2008-11-16,3,,
AU-DaS,2008-11-23,2008-11-27,4,,
AU-DaS,2009-11-12,2009-11-15,3,,
AU-DaS,2009-11-29,2009-12-04,5,,
AU-DaS,2009-12-14,2009-12-20,6,,
AU-DaS,2010-08-01,2010-08-05,4,,
AU-DaS,2013-10-15,2013-10-20,5,,
AU-DaS,2014-11-05,2014-11-09,4,,
AU-Gin,2012-02-02,2012-02-06,4,,
AU-Gin,2012-04-29,2012-05-02,3,,
AU-Gin,2012-08-12,2012-08-14,2,,
AU-Gin,2012-08-21,2012-08-24,3,,
AU-Gin,2012-12-05,2012-12-07,2,,
AU-Gin,2013-01-08,2013-01-12,4,,
AU-Gin,2013-01-13,2013-01-20,7,,
AU-Gin,2013-02-11,2013-02-15,4,,
AU-Gin,2013-02-20,2013-02-24,4,,
AU-Gin,2014-06-30,2014-07-05,5,,
AU-Gin,2014-11-25,2014-11-30,5,,
AU-Rig,2011-01-10,2011-01-24,14,,
AU-Rig,2011-02-04,2011-02-07,3,,
AU-Rig,2011-02-10,2011-02-15,5,,
AU-Rig,2011-03-12,2011-03-19,7,,
AU-Rig,2011-03-21,2011-03-27,6,,
AU-Rig,2011-11-07,2011-11-12,5,,
AU-Rig,2011-12-10,2011-12-15,5,,
AU-Rig,2011-12-17,2011-12-23,6,,
AU-Rig,2011-12-24,2011-12-31,7,,
AU-Rig,2012-01-08,2012-01-15,7,,
AU-Rig,2012-01-30,2012-02-06,7,,
AU-Rig,2012-02-17,2012-02-22,5,,
AU-Rig,2012-02-28,2012-03-05,6,,
AU-Rig,2012-11-01,2012-11-04,3,,
AU-Rig,2012-11-06,2012-11-13,7,,
AU-Rig,2012-12-01,2012-12-05,4,,
AU-Rig,2012-12-15,2012-12-19,4,,
AU-Rig,2012-12-23,2012-12-26,3,,
AU-Rig,2013-01-13,2013-01-16,3,,
AU-Rig,2013-02-15,2013-02-20,5,,
AU-Rig,2013-02-26,2013-03-06,8,,
AU-Rig,2013-03-24,2013-04-01,8,,
AU-Rig,2013-04-13,2013-04-16,3,,
AU-Rig,2013-04-22,2013-04-25,3,,
AU-Rig,2013-11-11,2013-11-17,6,,
AU-Rig,2013-11-29,2013-12-03,4,,
AU-Rig,2013-12-05,2013-12-08,3,,
AU-Rig,2013-12-09,2013-12-16,7,,
AU-Rig,2013-12-23,2013-12-31,8,,
AU-Rig,2014-01-24,2014-01-31,7,,
AU-Rig,2014-02-15,2014-02-19,4,,
AU-Rig,2014-02-20,2014-02-24,4,,
AU-Rig,2014-02-25,2014-03-01,4,,
AU-Rig,2014-03-05,2014-03-10,5,,
AU-Rig,2014-03-16,2014-03-23,7,,
AU-Rig,2014-03-27,2014-04-04,8,,
AU-Rig,2014-10-31,2014-11-04,4,,
AU-Rig,2014-11-15,2014-11-19,4,,
AU-Rig,2014-11-23,2014-11-30,7,,
AU-Rig,2014-12-04,2014-12-14,10,,
AU-Rig,2014-12-16,2014-12-20,4,,
AU-Rig,2014-12-22,2014-12-27,5,,
AU-Stp,2008-11-07,2008-11-11,4,,
AU-Stp,2008-11-12,2008-11-15,3,,
AU-Stp,2008-11-18,2008-11-22,4,,
AU-Stp,2008-11-25,2008-12-08,13,,
AU-Stp,2009-10-21,2009-10-26,5,,
AU-Stp,2009-11-01,2009-11-05,4,,
AU-Stp,2009-12-17,2009-12-23,6,,
AU-Stp,2009-12-24,2009-12-29,5,,
AU-Stp,2009-12-30,2010-01-03,4,,
AU-Stp,2010-05-26,2010-05-31,5,,
AU-Stp,2010-09-04,2010-09-10,6,,
AU-Stp,2010-10-12,2010-10-19,7,,
AU-Stp,2010-10-27,2010-11-01,5,,
AU-Stp,2010-12-06,2010-12-10,4,,
AU-Stp,2010-12-19,2010-12-22,3,,
AU-Stp,2011-10-07,2011-10-11,4,,
AU-Stp,2011-10-12,2011-10-18,6,,
AU-Stp,2011-10-23,2011-10-31,8,,
AU-Stp,2012-09-30,2012-10-02,2,,
AU-Stp,2012-11-04,2012-11-10,6,,
AU-Stp,2012-11-26,2012-12-03,7,,
AU-Stp,2012-12-12,2012-12-24,12,,
AU-Stp,2013-01-11,2013-01-15,4,,
AU-Stp,2013-01-18,2013-01-23,5,,
AU-Stp,2013-02-13,2013-02-16,3,,
AU-Stp,2013-03-28,2013-04-02,5,,
AU-Stp,2013-11-18,2013-11-20,2,,
AU-Stp,2013-11-21,2013-11-30,9,,
AU-Stp,2014-10-14,2014-10-21,7,,
AU-Stp,2014-11-05,2014-11-09,4,,
AU-Stp,2014-12-10,2014-12-15,5,,
ES-Abr,2016-09-13,2016-09-18,5,,
ES-Abr,2016-10-12,2016-10-16,4,,
ES-Abr,2016-10-22,2016-11-02,11,,
ES-Abr,2016-11-02,2016-11-07,5,,
ES-Abr,2016-11-19,2016-11-22,3,,
ES-Abr,2016-12-03,2016-12-06,3,,
ES-Abr,2017-02-12,2017-02-15,3,,
ES-Abr,2017-04-28,2017-05-02,4,,
ES-Abr,2017-05-10,2017-05-16,6,,
ES-Abr,2017-05-25,2017-05-31,6,,
ES-Abr,2017-06-19,2017-06-27,8,,
ES-Abr,2017-07-07,2017-07-11,4,,
ES-Abr,2017-08-29,2017-09-05,7,,
ES-Abr,2017-10-17,2017-10-20,3,,
ES-Abr,2017-10-21,2017-10-25,4,,
ES-Abr,2017-11-01,2017-11-05,4,,
ES-Abr,2017-11-27,2017-12-02,5,,
ES-Abr,2017-12-11,2017-12-15,4,,
ES-Abr,2018-02-26,2018-03-02,4,,
ES-Abr,2018-06-30,2018-07-05,5,,
ES-Abr,2018-09-13,2018-09-19,6,,
ES-Abr,2018-09-26,2018-10-02,6,,
ES-Abr,2018-10-11,2018-10-13,2,,
ES-Abr,2018-10-14,2018-10-16,2,,
ES-Abr,2018-10-17,2018-10-28,11,,
ES-Abr,2019-03-31,2019-04-04,4,,
ES-Abr,2019-05-09,2019-05-13,4,,
ES-Abr,2019-06-07,2019-06-10,3,,
ES-Abr,2019-09-21,2019-09-26,5,,
ES-Abr,2019-10-14,2019-10-18,4,,
ES-Abr,2019-10-20,2019-10-24,4,,
ES-Abr,2019-10-31,2019-11-04,4,,
ES-Abr,2019-11-10,2019-11-16,6,,
ES-Abr,2020-07-22,2020-07-28,6,,
ES-Abr,2020-09-18,2020-09-22,4,,
ES-Abr,2020-10-02,2020-10-06,4,,
ES-Abr,2020-10-19,2020-10-31,12,,
ES-Agu,2007-09-22,2007-09-28,6,,
ES-Agu,2007-10-03,2007-10-08,5,,
ES-Agu,2008-04-20,2008-04-25,5,,
ES-Agu,2008-05-09,2008-05-12,3,,
ES-Agu,2008-09-22,2008-09-30,8,,
ES-Agu,2008-12-13,2008-12-15,2,,
ES-Agu,2009-04-07,2009-04-09,2,,
ES-Agu,2009-09-16,2009-09-20,4,,
ES-Agu,2009-09-22,2009-09-26,4,,
ES-Agu,2009-09-28,2009-10-04,6,,
ES-Agu,2009-10-13,2009-10-15,2,,
ES-Agu,2009-10-20,2009-10-23,3,,
ES-Agu,2010-08-16,2010-08-22,6,,
ES-Agu,2010-09-17,2010-09-21,4,,
ES-Agu,2010-10-10,2010-10-17,7,,
ES-Agu,2010-12-19,2010-12-23,4,,
ES-Agu,2011-09-01,2011-09-11,10,,
ES-Agu,2011-10-01,2011-10-04,3,,
ES-Agu,2011-10-27,2011-10-31,4,,
ES-Agu,2011-11-03,2011-11-06,3,,
ES-Agu,2012-09-24,2012-09-28,4,,
ES-Agu,2012-09-29,2012-10-02,3,,
ES-Agu,2012-10-26,2012-10-31,5,,
ES-Agu,2012-11-02,2012-11-06,4,,
ES-Agu,2013-09-06,2013-09-11,5,,
ES-Agu,2013-09-28,2013-10-02,4,,
ES-Agu,2013-10-22,2013-10-27,5,,
ES-Agu,2013-10-29,2013-11-03,5,,
ES-Agu,2013-11-25,2013-11-30,5,,
ES-Agu,2015-01-15,2015-01-19,4,,
ES-Agu,2016-07-07,2016-07-11,4,,
ES-Agu,2017-11-02,2017-11-05,3,,
ES-Agu,2017-11-30,2017-12-03,3,,
ES-Agu,2017-12-11,2017-12-14,3,,
ES-Agu,2018-02-28,2018-03-04,4,,
ES-Agu,2018-09-09,2018-09-11,2,,
ES-Agu,2019-04-22,2019-05-05,13,,
ES-Agu,2019-06-13,2019-06-17,4,,
ES-Agu,2019-11-04,2019-11-10,6,,
ES-Agu,2019-11-13,2019-11-18,5,,
ES-Agu,2020-03-25,2020-03-31,6,,
ES-Agu,2020-09-21,2020-09-26,5,,
ES-Agu,2020-10-02,2020-10-05,3,,
ES-Agu,2020-10-14,2020-10-18,4,,
ES-Agu,2020-10-22,2020-10-26,4,,
ES-LM1,2014-05-20,2014-05-25,5,,
ES-LM1,2014-07-03,2014-07-08,5,,
ES-LM1,2014-07-19,2014-07-22,3,,
ES-LM1,2014-09-07,2014-09-14,7,,
ES-LM1,2014-09-15,2014-09-23,8,,
ES-LM1,2015-06-10,2015-06-16,6,,
ES-LM1,2015-06-17,2015-06-24,7,,
ES-LM1,2015-08-21,2015-08-25,4,,
ES-LM1,2015-09-15,2015-09-21,6,,
ES-LM1,2015-09-28,2015-10-03,5,,
ES-LM1,2015-10-04,2015-10-12,8,,
ES-LM1,2015-11-01,2015-11-04,3,,
ES-LM1,2016-07-06,2016-07-13,7,,
ES-LM1,2016-09-13,2016-09-20,7,,
ES-LM1,2016-10-12,2016-10-16,4,,
ES-LM1,2016-10-20,2016-10-25,5,,
ES-LM1,2016-11-02,2016-11-07,5,,
ES-LM1,2017-06-20,2017-06-25,5,,
ES-LM1,2017-07-06,2017-07-17,11,,
ES-LM1,2017-08-28,2017-09-04,7,,
ES-LM1,2017-10-17,2017-10-24,7,,
ES-LM1,2017-11-02,2017-11-06,4,,
ES-LM1,2018-09-08,2018-09-15,7,,
ES-LM1,2018-10-11,2018-10-15,4,,
ES-LM1,2018-10-16,2018-10-28,12,,
ES-LM1,2019-07-23,2019-07-29,6,,
ES-LM1,2019-08-26,2019-09-01,6,,
ES-LM1,2019-09-15,2019-09-20,5,,
ES-LM1,2019-09-21,2019-09-30,9,,
ES-LM1,2019-10-14,2019-10-16,2,,
ES-LM1,2019-10-17,2019-10-23,6,,
ES-LM1,2020-07-21,2020-07-27,6,,
ES-LM1,2020-09-15,2020-09-23,8,,
ES-LM1,2020-10-20,2020-10-24,4,,
ES-LM2,2014-05-21,2014-05-25,4,,
ES-LM2,2014-07-03,2014-07-13,10,,
ES-LM2,2014-09-07,2014-09-14,7,,
ES-LM2,2014-09-16,2014-09-24,8,,
ES-LM2,2015-06-11,2015-06-22,11,,
ES-LM2,2015-10-04,2015-10-09,5,,
ES-LM2,2015-10-10,2015-10-15,5,,
ES-LM2,2016-07-06,2016-07-12,6,,
ES-LM2,2016-09-13,2016-09-20,7,,
ES-LM2,2016-10-12,2016-10-18,6,,
ES-LM2,2016-10-19,2016-10-26,7,,
ES-LM2,2016-11-04,2016-11-07,3,,
ES-LM2,2017-06-20,2017-06-26,6,,
ES-LM2,2017-07-06,2017-07-16,10,,
ES-LM2,2017-08-28,2017-09-05,8,,
ES-LM2,2017-10-17,2017-10-24,7,,
ES-LM2,2017-11-03,2017-11-07,4,,
ES-LM2,2018-09-08,2018-09-13,5,,
ES-LM2,2018-10-11,2018-10-17,6,,
ES-LM2,2018-10-21,2018-10-29,8,,
ES-LM2,2019-07-09,2019-07-14,5,,
ES-LM2,2019-07-23,2019-07-30,7,,
ES-LM2,2019-08-26,2019-09-01,6,,
ES-LM2,2019-09-15,2019-09-20,5,,
ES-LM2,2019-09-22,2019-09-25,3,,
ES-LM2,2019-10-14,2019-10-16,2,,
ES-LM2,2019-10-18,2019-10-21,3,,
ES-LM2,2020-07-23,2020-07-28,5,,
ES-LM2,2020-09-18,2020-09-27,9,,
ES-LM2,2020-10-20,2020-10-24,4,,
US-Cop,2001-06-27,2001-07-02,5,,
US-Cop,2001-08-04,2001-08-07,3,,
US-Cop,2001-08-09,2001-08-13,4,,
US-Cop,2001-08-14,2001-08-18,4,,
US-Cop,2001-09-14,2001-09-16,2,,
US-Cop,2001-09-17,2001-09-21,4,,
US-Cop,2002-07-23,2002-07-25,2,,
US-Cop,2002-07-26,2002-07-31,5,,
US-Cop,2002-08-09,2002-08-12,3,,
US-Cop,2003-08-03,2003-08-07,4,,
US-Cop,2003-08-17,2003-08-21,4,,
US-Cop,2003-08-23,2003-08-26,3,,
US-Cop,2003-09-07,2003-09-12,5,,
US-Cop,2006-06-09,2006-06-12,3,,
US-Cop,2006-07-06,2006-07-13,7,,
US-Cop,2006-07-31,2006-08-02,2,,
US-Cop,2006-08-09,2006-08-14,5,,
US-Cop,2006-08-16,2006-08-21,5,,
US-Cop,2006-08-23,2006-08-27,4,,
US-Cop,2007-07-12,2007-07-17,5,,
US-Cop,2007-07-23,2007-07-26,3,,
US-Cop,2007-07-27,2007-07-31,4,,
US-Cop,2007-08-04,2007-08-08,4,,
US-Cop,2007-08-27,2007-08-31,4,,
US-Jo2,2010-09-13,2010-09-17,4,,
US-Jo2,2010-09-23,2010-09-25,2,,
US-Jo2,2010-10-05,2010-10-09,4,,
US-Jo2,2011-06-06,2011-06-10,4,,
US-Jo2,2011-06-19,2011-06-25,6,,
US-Jo2,2011-07-01,2011-07-05,4,,
US-Jo2,2011-07-12,2011-07-18,6,,
US-Jo2,2011-07-28,2011-08-01,4,,
US-Jo2,2011-09-15,2011-09-19,4,,
US-Jo2,2011-12-02,2011-12-06,4,,
US-Jo2,2011-12-12,2011-12-15,3,,
US-Jo2,2011-12-19,2011-12-22,3,,
US-Jo2,2012-07-06,2012-07-12,6,,
US-Jo2,2012-08-17,2012-08-20,3,,
US-Jo2,2012-08-23,2012-08-28,5,,
US-Jo2,2012-09-07,2012-09-14,7,,
US-Jo2,2013-06-14,2013-06-18,4,,
US-Jo2,2013-06-30,2013-07-02,2,,
US-Jo2,2013-07-03,2013-07-06,3,,
US-Jo2,2013-07-23,2013-07-31,8,,
US-Jo2,2013-12-12,2013-12-16,4,,
US-Jo2,2013-12-20,2013-12-23,3,,
US-Jo2,2014-03-02,2014-03-06,4,,
US-Jo2,2014-06-19,2014-06-22,3,,
US-Jo2,2014-07-01,2014-07-05,4,,
US-Jo2,2014-07-14,2014-07-20,6,,
US-Jo2,2014-07-31,2014-08-04,4,,
US-Jo2,2014-08-15,2014-08-18,3,,
US-Jo2,2015-03-02,2015-03-06,4,,
US-Jo2,2015-03-17,2015-03-21,4,,
US-Jo2,2015-04-12,2015-04-16,4,,
US-Jo2,2015-07-10,2015-07-16,6,,
US-Jo2,2015-07-28,2015-08-03,6,,
US-Jo2,2015-08-23,2015-08-28,5,,
US-Jo2,2015-09-09,2015-09-14,5,,
US-Jo2,2015-09-21,2015-09-27,6,,
US-Jo2,2015-10-03,2015-10-12,9,,
US-Jo2,2015-10-20,2015-10-26,6,,
US-Jo2,2015-10-29,2015-11-02,4,,
US-Jo2,2015-11-26,2015-11-30,4,,
US-Jo2,2016-01-04,2016-01-08,4,,
US-Jo2,2016-04-08,2016-04-11,3,,
US-Jo2,2016-04-12,2016-04-16,4,,
US-Jo2,2016-05-17,2016-05-22,5,,
US-Jo2,2016-06-01,2016-06-07,6,,
US-Jo2,2016-06-08,2016-06-12,4,,
US-Jo2,2016-06-25,2016-06-30,5,,
US-Jo2,2016-08-10,2016-08-20,10,,
US-Jo2,2016-11-03,2016-11-08,5,,
US-Jo2,2016-11-21,2016-11-24,3,,
US-Jo2,2016-12-02,2016-12-05,3,,
US-Jo2,2016-12-22,2016-12-27,5,,
US-Jo2,2017-01-01,2017-01-05,4,,
US-Jo2,2017-05-30,2017-06-05,6,,
US-Jo2,2017-06-21,2017-06-28,7,,
US-Jo2,2017-09-27,2017-10-01,4,,
US-Jo2,2018-02-15,2018-02-19,4,,
US-Jo2,2018-06-03,2018-06-05,2,,
US-Jo2,2018-06-15,2018-06-19,4,,
US-Jo2,2018-07-12,2018-07-17,5,,
US-Jo2,2018-09-05,2018-09-11,6,,
US-Jo2,2018-09-10,2018-09-25,15,,
US-Jo2,2019-10-03,2019-10-07,4,,
US-Jo2,2019-11-28,2019-12-03,5,,
US-Jo2,2020-05-10,2020-05-14,4,,
US-Jo2,2020-10-04,2020-10-07,3,,
US-LS2,2003-03-18,2003-03-24,6,,
US-LS2,2003-11-13,2003-11-18,5,,
US-LS2,2004-02-03,2004-02-07,4,,
US-LS2,2004-02-24,2004-03-01,6,,
US-LS2,2004-03-12,2004-03-21,9,,
US-LS2,2004-04-02,2004-04-09,7,,
US-LS2,2004-11-14,2004-11-20,6,,
US-LS2,2004-11-23,2004-11-29,6,,
US-LS2,2004-12-05,2004-12-14,9,,
US-LS2,2004-12-29,2005-01-02,4,,
US-LS2,2005-01-03,2005-01-08,5,,
US-LS2,2005-01-11,2005-01-17,6,,
US-LS2,2005-01-27,2005-02-01,5,,
US-LS2,2005-02-11,2005-02-16,5,,
US-LS2,2005-04-24,2005-04-27,3,,
US-LS2,2005-05-27,2005-06-02,6,,
US-LS2,2005-12-13,2005-12-19,6,,
US-LS2,2006-02-17,2006-02-22,5,,
US-LS2,2006-03-07,2006-03-14,7,,
US-LS2,2006-07-05,2006-07-11,6,,
US-LS2,2006-12-27,2006-12-31,4,,
US-LS2,2007-01-10,2007-01-15,5,,
US-LS2,2007-01-19,2007-01-23,4,,
US-LS2,2007-03-22,2007-03-31,9,,